r,V(r)
0.00033546262790251185,-5961.915974083457
0.0003388340833634261,-5902.5939189678365
0.0003422394225150394,-5843.8621281629585
0.00034567898589410494,-5785.714728440793
0.0003491531174598264,-5728.145905012921
0.00035266216462825575,-5671.149900949021
0.00035620647830703403,-5614.72101660119
0.00035978641293048306,-5558.853609033965
0.0003634023264950478,-5503.542091460041
0.0003670545805950984,-5448.780932681563
0.0003707435404590882,-5394.56465653702
0.00037446957498607833,-5340.88784135361
0.00037823305678262576,-5287.745119405096
0.0003820343622000467,-5235.131176374991
0.00038587387137205064,-5183.040750825148
0.0003897519682527548,-5131.468633669598
0.0003936690406550783,-5080.4096676536565
0.00039762548028952584,-5029.85874683817
0.0004016216828033581,-4979.81081608893
0.00040565804782015684,-4930.260870571151
0.0004097349789797868,-4881.203955248997
0.00041385288397876164,-4832.6351643900525
0.0004180121746110129,-4784.5496410747555
0.00042221326680907034,-4736.9425767107
0.00042645658068565383,-4689.809210551785
0.00043074254057568753,-4643.144829222114
0.0004350715750787321,-4596.944766244664
0.00043944411710184546,-4551.204401574639
0.000443860603902874,-4505.91916113745
0.00044832147713417755,-4461.084516371324
0.00045282718288679695,-4416.695983774418
0.0004573781717350623,-4372.749124456482
0.0004619748987816513,-4329.239543694957
0.0004666178237030984,-4286.162890495517
0.00047130741079576537,-4243.514857156941
0.00047604412902226933,-4201.291178840355
0.00048082845205838073,-4159.487633142737
0.0004856608583403892,-4118.100039674689
0.0004905418311129505,-4077.124259642368
0.0004954718584774093,-4036.556195433627
0.0005004514334406108,-3996.391790208235
0.0005054810539642003,-3956.6270274922035
0.0005105612230144218,-3917.2579307761216
0.0005156924486124138,-3878.28056311751
0.0005208752438850126,-3839.691026747119
0.0005261101271160638,-3801.4854626791575
0.0005313976217982529,-3763.6600503253803
0.0005367382566854548,-3726.2110071130287
0.000542132565845609,-3689.134588106572
0.0005475810887141261,-3652.4270856332178
0.0005530843701478336,-3616.0848289121263
0.0005586429604794611,-3580.10418368734
0.0005642574155726738,-3544.481551864353
0.0005699282968776604,-3509.2133711502934
0.0005756561714872761,-3474.2961146977063
0.0005814416121937556,-3439.7262907518457
0.0005872851975459913,-3405.500442301505
0.000593187511907387,-3371.615146733324
0.0005991491455142981,-3338.0670154895047
0.0006051706945350532,-3304.852693728966
0.0006112527611295723,-3271.9688599918545
0.000617395953509584,-3239.4122258673883
0.0006236008859994445,-3207.1795356650305
0.000629868179097574,-3175.267566088898
0.0006361984595385052,-3143.67312591544
0.0006425923603555579,-3112.3930556743067
0.0006490505209441411,-3081.424227332413
0.0006555735871256958,-3050.7635439811147
0.0006621622112122764,-3020.4079395265258
0.0006688170520717824,-2990.3543783829023
0.0006755387751938444,-2960.59985516909
0.0006823280527563766,-2931.141394407969
0.0006891855636927931,-2901.976050228915
0.0006961119937599026,-2873.100906073203
0.0007031080356064829,-2844.513074402359
0.000710174388842549,-2816.209696409391
0.0007173117601093135,-2788.1879417329133
0.0007245208631498506,-2760.4450081741065
0.0007318024188804728,-2732.978121416493
0.0007391571554628196,-2705.784534748513
0.0007465858083766792,-2678.861528788836
0.0007540891204935341,-2652.2064112144276
0.0007616678421508473,-2625.816516491322
0.0007693227312271008,-2599.6892056080537
0.0007770545532175816,-2573.8218658117607
0.0007848640813109316,-2548.211910346908
0.0007927520964664691,-2522.8567781966044
0.0008007193874922814,-2497.7539338265105
0.0008087667511241114,-2472.900866931268
0.0008168949921050283,-2448.295092183476
0.0008251049232659046,-2423.9341489851527
0.0008333973656066964,-2399.815601221682
0.000841773148378549,-2375.9370370181864
0.0008502331091667194,-2352.296068498347
0.0008587780939743372,-2328.8903315456087
0.0008674089573070025,-2305.717485566775
0.0008761265622582417,-2282.7752132579362
0.0008849317805958146,-2260.0612203727414
0.0008938254928488935,-2237.5732354929733
0.0009028085883961136,-2215.309009801407
0.0009118819655545162,-2193.266316856917
0.0009210465316693785,-2171.4429523718413
0.000930303203204949,-2149.836733991545
0.0009396529058360961,-2128.4455010761817
0.0009490965745408727,-2107.267114484639
0.0009586351536940199,-2086.299456360606
0.0009682695971614026,-2065.5404299207967
0.0009780008683953946,-2044.98795924527
0.0009878299405312295,-2024.6399890698308
0.000997757796484312,-2004.4944845805035
0.0010077854290485105,-1984.5494312100523
0.0010179138409954387,-1964.8028344365168
0.0010281440451747298,-1945.2527195837686
0.0010384770646153282,-1925.8971316240272
0.0010489139326277893,-1906.7341349823664
0.0010594556929076101,-1887.761813343156
0.0010701033996396044,-1868.97826945842
0.0010808581176033184,-1850.381624958117
0.0010917209222795108,-1831.9700201622998
0.0011026928999577018,-1813.741613895145
0.0011137751478448032,-1795.6945833008351
0.0011249687741748374,-1777.8271236612736
0.0011362748983197658,-1760.1374482156061
0.0011476946509014264,-1742.6237879815444
0.0011592291739045914,-1725.284391578474
0.0011708796207911744,-1708.117525052303
0.0011826471566155727,-1691.1214717020734
0.0011945329581411752,-1674.2945319082867
0.0012065382139580404,-1657.6350229629393
0.0012186641246017523,-1641.1412789012566
0.001230911902673481,-1624.8116503350864
0.0012432827729612415,-1608.6445042879627
0.0012557779725623694,-1592.6382240318108
0.0012683987510072388,-1576.7912089252648
0.0012811463703842113,-1561.1018742536085
0.001294022105465848,-1545.5686510703
0.0013070272438363876,-1530.1899860400754
0.0013201630860205026,-1514.9643412836188
0.0013334309456133593,-1499.8901942237649
0.0013468321494119746,-1484.966037433245
0.0013603680375478939,-1470.1903784839453
0.0013740399636212118,-1455.5617397976569
0.001387849294835929,-1441.07865849832
0.0014017974121366744,-1426.7396862657365
0.0014158857103468022,-1412.5433891907326
0.0014301155983078744,-1398.4883476317705
0.0014444884990205433,-1384.5731560729832
0.0014590058497868585,-1370.7964229836184
0.001473669102353996,-1357.1567706788846
0.0014884797230594294,-1343.6528351821878
0.0015034391929775724,-1330.2832660887238
0.0015185490080678835,-1317.0467264304414
0.001533810679324463,-1303.941892542345
0.0015492257329271562,-1290.9674539301232
0.0015647957103941666,-1278.1221131391055
0.001580522168736217,-1265.404585624507
0.0015964066806122487,-1252.8135996229773
0.0016124508344866836,-1240.3478960254258
0.0016286562347882806,-1228.0062282511035
0.0016450245020705747,-1215.787362122948
0.001661557273173934,-1203.6900757441645
0.0016782562013892477,-1191.7131593760328
0.0016951229566232505,-1179.8554153169373
0.0017121592255655228,-1168.1156577825896
0.0017293667118571572,-1156.4927127874523
0.0017467471362611197,-1144.9854180273417
0.0017643022368343355,-1133.5926227631917
0.0017820337691014916,-1122.3131877059814
0.0017999435062305911,-1111.145984902806
0.0018180332392102713,-1100.089897624079
0.0018363047770289071,-1089.143820251858
0.0018547599468555032,-1078.306658169286
0.0018734005942224233,-1067.5773276511227
0.0018922285832099397,-1056.9547557553744
0.0019112457966326377,-1046.4378802160013
0.0019304541362277093,-1036.025649336684
0.0019498555228451206,-1025.7170218856581
0.0019694518966397014,-1015.5109669915879
0.0019892452172651635,-1005.4064640404778
0.0020092374640700602,-995.4025025736141
0.002029430636295734,-985.4980821865126
0.002049826753276237,-975.6922124288801
0.0020704278546402606,-965.9839127055709
0.0020912360005151103,-956.3722121785216
0.002112253271732714,-946.8561496696695
0.002133481770037708,-937.4347735648339
0.002154923618297615,-928.1071417185523
0.0021765809607151255,-918.8723213598685
0.0021984559630425313,-909.72938899905
0.0022205508127982956,-900.6774303352412
0.0022428677194858034,-891.7155401650335
0.002265408914814322,-882.8428222919413
0.0022881766529221693,-874.0583894367829
0.002311173210602129,-865.3613631489527
0.002334400887529133,-856.7508737185743
0.002357862006490233,-848.2260600895282
0.0023815589136168707,-839.7860697733496
0.0024054939786195095,-831.4300587639722
0.0024296695950245975,-823.157191453331
0.002454088180413917,-814.9666405478027
0.0024787521766663585,-806.8575869854702
0.0025036640502021,-798.8292198542199
0.0025288262922292556,-790.8807363106481
0.0025542414189929983,-783.0113414997763
0.00257991197202718,-775.2202484755668
0.0026058405184084983,-767.5066781222238
0.0026320296510132005,-759.8698590762834
0.002658481988776367,-752.3090276494783
0.0026852001769538205,-744.8234277523644
0.0027121868873866434,-737.412310818714
0.0027394448187683684,-730.0749357306578
0.0027669766969148483,-722.8105687445725
0.0027947852750368437,-715.6184834177051
0.0028228733340153363,-708.4979605355309
0.002851243682679635,-701.4482880398265
0.002879899158088243,-694.4687609574689
0.002908842625812584,-687.5586813299329
0.0029380769802235503,-680.7173581434974
0.002967605144780944,-673.9441072601427
0.0029974300723258286,-667.2382513491359
0.0030275547453758153,-660.5991198192971
0.0030579821764233073,-654.0260487519421
0.0030887154082367718,-647.518380834485
0.0031197575141649948,-641.0754652947126
0.0031511115984444414,-634.6966578357009
0.003182780796509667,-628.3813205713884
0.00321476827530687,-622.1288219627859
0.0032470772336105863,-615.938536754822
0.003279710902343573,-609.809845913817
0.0033126725448998926,-603.7421365655805
0.003345965457471275,-597.73480193412
0.0033795929693767155,-591.7872412809676
0.0034135584433954303,-585.8988598451009
0.0034478652761031265,-580.0690687834693
0.003482516898211663,-574.2972851121087
0.0035175167749121284,-568.5829316478419
0.0035528684062213585,-562.9254369505605
0.0035885753273319477,-557.3242352660799
0.0036246411089657558,-551.7787664695647
0.0036610693577310083,-546.2884760095133
0.003697863716482932,-540.8528148523051
0.0037350278646880674,-535.4712394272943
0.0037725655187922052,-530.1432115724538
0.003810480432592037,-524.868198480558
0.0038487763976105395,-519.6456726459019
0.0038874572434761303,-514.4751118115495
0.003926526838305624,-509.3559989171093
0.003965989089091068,-504.28782204702514
0.00400584794209042,-499.2700743793874
0.004046107383222199,-494.3022541352473
0.004086771438464067,-489.3838645284408
0.004127844174255436,-484.5144137159083
0.0041693296979041115,-479.69341474851075
0.004211232157997035,-474.9203855223334
0.004253555744815125,-470.1948487304772
0.004296304690752343,-465.51633181532384
0.004339483270738899,-460.8843669212839
0.004383095802668776,-456.2984908480078
0.004427146647831511,-451.75824500406657
0.004471640211348332,-447.2631753610921
0.004516580942612666,-442.8128324083744
0.004561973335735092,-438.4067711079093
0.004607821929992752,-434.04455084989496
0.004654131310283272,-429.72573540867086
0.00470090610758328,-425.44989289909324
0.004748150999411478,-421.2165957333487
0.004795870710296421,-417.0254205781925
0.004844070012248967,-412.87594831261646
0.004892753725239476,-408.76776398593614
0.004941926717679818,-404.7004567762953
0.004991593906910217,-400.6736199495833
0.005041760259690979,-396.68685081876237
0.005092430792699196,-392.7397507035964
0.005143610573030383,-388.83192489078544
0.005195304718705231,-384.9629825944912
0.005247518399181385,-381.13253691726
0.005300256835870402,-377.340204811332
0.005353525302659903,-373.5856070403363
0.00540732912644096,-369.8683681413667
0.005461673687640779,-366.1881163874363
0.005516564420760777,-362.54448375030205
0.005572006814919998,-358.9371058636646
0.005628006414404065,-355.3656219867288
0.005684568819219595,-351.8296749681306
0.005741699685654202,-348.32891121022163
0.005799404726842141,-344.8629806337087
0.005857689713335617,-341.43153664264594
0.005916560473681857,-338.03423608977437
0.005976022895005943,-334.6707392422082
0.00603608292359957,-331.3407097474592
0.006096746565515638,-328.0438145998034
0.006158019887168897,-324.7797241069783
0.006219909015942573,-321.5481118572146
0.006282420140801118,-318.3486546865943
0.00634555951290911,-315.181032646734
0.006409333446256383,-312.04492897278993
0.006473748318289405,-308.9400300517817
0.00653881057054907,-305.86602539122924
0.006604526709314811,-302.82260758810537
0.0066709033062552735,-299.8094722980934
0.006737946999085467,-296.8263182051532
0.006805664492230543,-293.8728469913897
0.006874062557496248,-290.9487633072201
0.0069431480347461145,-288.0537747418391
0.007012927832585425,-285.18759179397813
0.007083408929052125,-282.3499278429535
0.007154598372314585,-279.5404991200058
0.0072265032813764625,-276.7590246799212
0.007299130846788583,-274.00522637293795
0.007372488331368012,-271.27882881693046
0.007446583070924338,-268.57955936987105
0.007521422474993263,-265.9071481025657
0.007597014027577567,-263.26132777166043
0.007673365287895489,-260.6418337929177
0.007750483891136699,-258.04840421475626
0.007828377549225773,-255.48077969205764
0.007907054051593441,-252.93870346022953
0.007986521265955502,-250.4219213095304
0.008066787139099614,-247.9301815596479
0.008147859697679982,-245.4632350345305
0.00822974704902003,-243.0208350374697
0.008312457381923119,-240.60273732643094
0.008395998967491478,-238.20870008962757
0.008480380159953269,-235.8384839213412
0.00856560939749806,-233.49185179797976
0.008651695203120634,-231.16856905437533
0.00873864618547329,-228.8684033603174
0.008826471039726723,-226.59112469731983
0.008915178548439553,-224.33650533561834
0.00900477758243656,-222.10431981139834
0.009095277101695824,-219.89434490424682
0.009186686156244673,-217.70635961483183
0.009279013887064744,-215.5401451428009
0.009372269527006058,-213.39548486490165
0.009466462401710323,-211.27216431331902
0.009561601930543505,-209.16997115422845
0.009657697627537768,-207.08869516656222
0.009754759102342903,-205.02812822098693
0.009852796061187257,-202.98806425909123
0.009951818307848428,-200.96829927277858
0.010051835744633586,-198.96863128386752
0.010152858373369763,-196.98886032389262
0.010254896296404022,-195.02878841410802
0.010357959717613696,-193.08821954568938
0.010462058943426795,-191.16695966013265
0.010567204383852655,-189.26481662984813
0.010673406553522925,-187.38160023894795
0.010780676072743092,-185.51712216422337
0.01088902366855445,-183.67119595631348
0.010998460175806881,-181.84363702105907
0.011108996538242306,-180.03426260104362
0.011220643809589084,-178.24289175731735
0.011333413154667387,-176.46934535130305
0.01144731585050571,-174.71344602688197
0.011562363287468536,-172.97501819265878
0.011678566970395453,-171.25388800440103
0.011795938519751572,-169.5498833476559
0.011914489672789647,-167.86283382053762
0.012034232284723775,-166.19257071668753
0.012155178329914935,-164.5389270084034
0.012277339903068436,-162.9017373299363
0.012400729220443395,-161.2808379609541
0.012525358621074385,-159.67606681016903
0.012651240568005305,-158.08726339912891
0.012778387649535773,-156.51426884616842
0.012906812580479873,-154.95692585052169
0.013036528203437736,-153.41507867659118
0.013167547490079751,-151.88857313837465
0.013299883542443767,-150.37725658404622
0.013433549594245302,-148.88097788069098
0.013568559012200934,-147.39958739919157
0.013704925297364945,-145.93293699926562
0.013842662086479513,-144.48088001465064
0.013981783153338308,-143.0432712384384
0.014122302410163962,-141.6199669085531
0.014264233908999256,-140.2108246933757
0.01440759184311235,-138.8157036775104
0.014552390548416123,-137.43446434769297
0.014698644504901784,-136.0669685788393
0.014846368338086832,-134.71307962023317
0.014995576820477717,-133.3726620818502
0.015146284873046992,-132.04558192081979
0.015298507566725518,-130.7317064280198
0.015452260123909515,-129.43090421480608
0.01560755791998283,-128.14304519987328
0.015764416484854486,-126.86800059624669
0.015922851504511684,-125.6056428984034
0.016082878822588433,-124.35584586952159
0.01624451444194987,-123.11848452885705
0.01640777452629266,-121.89343513924436
0.016572675401761255,-120.68057519472389
0.016739233558580632,-119.47978340829039
0.01690746565270528,-118.29093969976452
0.017077388507484793,-117.11392518378477
0.017249019115346265,-115.94862215791863
0.017422374639493515,-114.79491409089238
0.017597472415623393,-113.65268561093805
0.01777432995365946,-112.5218224942556
0.017952964939502866,-111.40221165359118
0.018133395236801075,-110.29374112692761
0.01831563888873418,-109.19630006628849
0.018499714119819242,-108.10977872665319
0.01868563933773278,-107.03406845498228
0.018873433135151493,-105.96906167935231
0.019063114291611637,-104.91465189819809
0.01925470177538692,-103.87073366966288
0.0194482147453854,-102.83720260105378
0.0196436725530653,-101.81395533840283
0.019841094744370288,-100.80088955613097
0.020040501061684014,-99.79790394681574
0.02024191144580438,-98.80489821106039
0.020445346037937663,-97.82177304746374
0.020650825181712566,-96.84843014269033
0.020858369425214716,-95.88477216163852
0.021067999523041423,-94.93070273770708
0.021279736438377175,-93.98612646315854
0.021493601345089923,-93.0509488795784
0.02170961562984857,-92.12507646842896
0.02192780089426161,-91.2084166416975
0.022148178957037325,-90.3008777326374
0.0223707718561656,-89.40236898660163
0.022595601851121864,-88.51280055196673
0.02282269142509297,-87.63208347114796
0.02305206328722558,-86.7601296717032
0.02328374037489701,-85.89685195752602
0.023517745856009107,-85.04216400012557
0.023754103131304997,-84.19598032999382
0.023992835836709185,-83.35821632805856
0.024233967845691123,-82.52878821722157
0.02447752327165267,-81.70761305398054
0.024723526470339388,-80.8946087201348
0.024972002042276165,-80.0896939145734
0.025222974835227223,-79.29278814514517
0.025476469946681016,-78.503811720609
0.02573251272635994,-77.72268574266495
0.025991128778755358,-76.9493320980642
0.02625234396568797,-76.18367345079801
0.02651618440889418,-75.42563323436349
0.026782676492638175,-74.67513564410731
0.027051846866350402,-73.93210562964504
0.02732372244729257,-73.19646888735595
0.027598330423249287,-72.46815185295293
0.027875698255247015,-71.74708169412553
0.028155853680300096,-71.03318630325697
0.02843882471418452,-70.32639429021319
0.028724639654239433,-69.62663497520403
0.029013327082197053,-68.93383838171478
0.029304915867040746,-68.24793522950876
0.029599435167892013,-67.56885692769907
0.02989691443692632,-66.89653556788981
0.0301973834223185,-66.23090391738462
0.030500872171217483,-65.57189541246379
0.03080741103275109,-64.91944415172756
0.031117030661060873,-64.27348488950629
0.03142976201836771,-63.63395302933538
0.03174563637806794,-63.000784617495874
0.03206468532786078,-62.3739163366189
0.032386940772907054,-61.753285499354064
0.03271243493901982,-61.13883004210041
0.03304120037588693,-60.530488518800176
0.0333732699603261,-59.928200094793986
0.033708676899572416,-59.33190454073768
0.034047454734599344,-58.741542226578865
0.03438963734347271,-58.15705411559416
0.03473525894473855,-57.57838175848537
0.03508435410084504,-57.005467287534536
0.03543695772159864,-56.43825341081722
0.0357931050676553,-55.87668340647302
0.03615283175404641,-55.320701117033515
0.036516173753740416,-54.77025094380641
0.036883167401240015,-54.22527784131576
0.03725384939621581,-53.68572731179713
0.0376282568071762,-53.15154539974793
0.038006427075174334,-52.622678686531756
0.038388398017552075,-52.09907428503667
0.03877420783172201,-51.580679834386125
0.039163895098987066,-51.067443494703056
0.039557498788398746,-50.55931394192576
0.03995505826065392,-50.05624036267561
0.04035661327203115,-49.558172449175395
0.04076220397836621,-49.065060394218705
0.04117187093906775,-48.57685488618909
0.04158565512117318,-48.093507104128975
0.04200359790344555,-47.61496871285734
0.042425741080511385,-47.14119185813625
0.0428521268670402,-46.67212916188541
0.043282797901965916,-46.20773371744435
0.04371779725275094,-45.747959084881614
0.04415716841969286,-45.2927592863508
0.044600955340274515,-44.8420888014927
0.04504920239355782,-44.39590256288325
0.04550195440462157,-43.954155951526836
0.045959256649044204,-43.51680479239416
0.04642115485743125,-43.083805350004845
0.04688769521998851,-42.655114324053784
0.04735892439114093,-42.23068884508122
0.04783488949419837,-41.81048647018551
0.04831563812606777,-41.394465178779015
0.04880121836201298,-40.98258336838586
0.04929167876046217,-40.57479985048185
0.049787068367863944,-40.171073846375336
0.050287436723591865,-39.77136498312946
0.05079283386489852,-39.375633289524785
0.051303310331919136,-38.98383919206222
0.05181891717272583,-38.595943511005515
0.05233970594843238,-38.2119074564633
0.05286572873835039,-37.83169262451006
0.053397038145197105,-37.45526099334582
0.05393368730035602,-37.08257491949374
0.05447572986918986,-36.71359713403585
0.05502322005640726,-36.3482907388861
0.055576212611483086,-35.98661920310062
0.056134762834133725,-35.628546359224394
0.0566989265798469,-35.27403639967465
0.05726876026546733,-34.92305387315999
0.057844320874838484,-34.575563681135264
0.05842566596450083,-34.23153107429175
0.05901285366944784,-33.89092164908203
0.05960594270893934,-33.55370134427976
0.06020499239237357,-33.219836437573385
0.06081006262521797,-32.889293542194096
0.06142121391500013,-32.56203960357686
0.06203850737735829,-32.2380418960551
0.06266200474215318,-31.917268019588043
0.06329176835964073,-31.59968589652079
0.06392786120670757,-31.285263768376346
0.06457034689316847,-30.97397019267988
0.06521928966812755,-30.665774039814377
0.06587475442640298,-30.360644489907784
0.06653680671501686,-30.058551029750802
0.06720551273974976,-29.759463449745674
0.06788093937176147,-29.463351840885128
0.06856315415427794,-29.17018659176157
0.069252225309346,-28.879938385605758
0.06994822174465536,-28.592578197355206
0.07065121306042962,-28.30807729075159
0.07136126955638608,-28.02640721546722
0.0720784622387661,-27.74753980425981
0.07280286282743559,-27.47144717015585
0.07353454376305707,-27.19810170366186
0.0742735782143339,-26.927476070003372
0.07502004008532698,-26.659543206391543
0.07577400402284548,-26.394276319316717
0.07653554542391149,-26.131648881869122
0.07730474044329978,-25.871634631086142
0.07808166600115317,-25.61420756532606
0.07886639979067495,-25.359341941667754
0.07965902028589801,-25.10701227333647
0.08045960674953247,-24.857193327155077
0.0812682392408917,-24.60986012102082
0.0820849986238988,-24.364987921406946
0.08290996657517266,-24.12255224088944
0.08374322559219599,-23.882528835698196
0.08458485900156473,-23.644893703292713
0.08543495096732123,-23.409623079961708
0.0862935864993705,-23.176693438446783
0.08716085146198134,-22.946081485589655
0.08803683258237259,-22.717764160002904
0.08892161745938634,-22.49171862976369
0.08981529457224763,-22.267922290130613
0.09071795328941255,-22.04635276128319
0.09162968387750488,-21.82698788608394
0.09255057751034329,-21.609805727862515
0.09348072627805847,-21.394784568222107
0.0944202231963023,-21.18190290486757
0.09536916221554965,-20.97113944945514
0.09632763823049303,-20.762473125463686
0.09729574708953276,-20.5558830660869
0.0982735856043615,-20.351348612146676
0.0992612515596457,-20.148849310027163
0.10025884372280375,-19.94836490962944
0.1012664618538834,-19.74987536234637
0.10228420671553744,-19.553360819057815
0.10331218008310024,-19.358801628145674
0.10435048475476504,-19.16617833352875
0.10539922456186433,-18.975471672717052
0.1064585043792528,-18.78666257488557
0.107528430135795,-18.599732158967164
0.10860910882495801,-18.414661731764497
0.10970064851551141,-18.23143278608061
0.11080315836233387,-18.050026998868244
0.11191674861732893,-17.870426229397488
0.11304153064044989,-17.69261251744176
0.1141776169108365,-17.516568081481665
0.11532512103806251,-17.342275316926912
0.11648415777349702,-17.16971679435578
0.11765484302177924,-16.99887525777224
0.11883729385240965,-16.82973362288026
0.12003162851145673,-16.662274975375386
0.12123796643338162,-16.496482569253327
0.12245642825298195,-16.332339825135296
0.12368713581745483,-16.169830328610118
0.12493021219858241,-16.008937828592707
0.12618578170503872,-15.849646235698978
0.1274539698948208,-15.69193962063689
0.12873490358780423,-15.535802212613541
0.1300287108784259,-15.381218397757998
0.13133552114849303,-15.228172717559953
0.13265546508012177,-15.07664986732384
0.13398867466880499,-14.926634694638386
0.1353352832366127,-14.778112197861299
0.13669542544552382,-14.631067524619137
0.13806923731089288,-14.485485970322017
0.13945685621505097,-14.341352976693223
0.140858420921045,-14.198654130313265
0.14227407158651353,-14.05737516117859
0.14370394977770298,-13.917501941274539
0.14514819848362376,-13.779020483162583
0.14660696213035015,-13.641916938581499
0.14808038659546244,-13.506177597062575
0.14956861922263512,-13.371788884558534
0.1510718088363709,-13.23873736208615
0.1525901057568839,-13.107009724382294
0.1541236618151314,-12.976592798573424
0.1556726303679974,-12.847473542858262
0.15723716631362766,-12.71963904520366
0.1588174261069207,-12.593076522053313
0.16041356777517274,-12.467773317049437
0.16202575093388072,-12.34371689976711
0.16365413680270413,-12.220894864461215
0.16529888822158656,-12.099294928825891
0.1669601696670407,-11.978904932766227
0.16863814726859547,-11.859712837182295
0.1703329888254095,-11.741706722765198
0.17204486382305056,-11.624874788805174
0.17377394345044514,-11.50920535201146
0.17552040061699684,-11.394686845343985
0.17728440996987788,-11.281307816856637
0.17906614791149328,-11.169056928552104
0.1808657926171221,-11.057922955248007
0.1826835240527346,-10.947894783454402
0.18451952399298935,-10.838961410262408
0.18637397603941003,-10.731111942243945
0.1882470656387468,-10.624335594362332
0.1901389801015205,-10.518621688893798
0.19204990862075422,-10.413959654359692
0.19398004229089197,-10.310339024469359
0.19592957412690937,-10.207749437073451
0.19789869908361465,-10.106180633127735
0.1998876140751446,-10.00562245566717
0.20189651799465547,-9.906064848790226
0.20392561173421347,-9.807497856653242
0.20597509820488344,-9.709911622474868
0.2080451823570204,-9.61329638755036
0.21013607120076483,-9.517642490275703
0.2122479738267431,-9.42294036518148
0.21438110142697794,-9.329180541976251
0.216535667316007,-9.236353644599564
0.21871188695221486,-9.144450390284314
0.22090997795937825,-9.053461588628503
0.22313016014842982,-8.96337814067613
0.22537265553943867,-8.874191038007332
0.22763768838381285,-8.785891361837509
0.2299254851867239,-8.698470282125479
0.23223627472975883,-8.611919056690413
0.23457028809379762,-8.526229030337635
0.23692775868212188,-8.441391633993101
0.2393089222437546,-8.35739838384649
0.24171401689703645,-8.274240880502786
0.24414328315343706,-8.191910808142353
0.2465969639416066,-8.110399933689346
0.24907530463166827,-8.0297001059884
0.2515785530597565,-7.949803254989496
0.25410695955280027,-7.870701390940947
0.25666077695355605,-7.792386603590424
0.2592402606458916,-7.714851061393945
0.26184566858032604,-7.63808701073267
0.26447726129982396,-7.562086775137561
0.2671353019658503,-7.486842754521728
0.269820056384687,-7.4123474244203935
0.27253179303401265,-7.338593335238487
0.27527078308975234,-7.265573111505618
0.2780373004531941,-7.193279451138564
0.2808316217783799,-7.121705124711038
0.28365402649977045,-7.050842974730762
0.2865047968601901,-6.980685914923683
0.28938421793905056,-6.911226929525353
0.29229257768085953,-6.842459072579344
0.29523016692401427,-6.774375467242668
0.2981972794298874,-6.706969305098047
0.301194211912202,-6.640233845473096
0.3042212640667042,-6.574162414766233
0.3072787386011313,-6.5087484057793406
0.31036694126548503,-6.443985277056999
0.31348618088260527,-6.37986655223237
0.3166367693790534,-6.316385819379532
0.319819021816304,-6.253536730372309
0.32303325642225295,-6.191313000249423
0.32627979462303947,-6.129708406586005
0.3295589610751892,-6.068716788871348
0.33287108369807966,-6.008332047892864
0.3362164937067334,-5.9485481451261295
0.3395955256449391,-5.889359102131048
0.3430085174187066,-5.830758999953995
0.34645581033005757,-5.772741978535914
0.34993774911115544,-5.715302236126326
0.35345468195878016,-5.658434028703119
0.35700696056914727,-5.60213166939816
0.36059494017307847,-5.546389527928593
0.3642189795715234,-5.491202030033832
0.36787944117144233,-5.43656365691809
0.3715766910220456,-5.382468944698526
0.37531109885139974,-5.328912483858831
0.37908303810339894,-5.275888918708303
0.38289288597511206,-5.223392946846235
0.3867410234545011,-5.171419318631694
0.3906278353585213,-5.119962836658541
0.39455371037160125,-5.069018355235708
0.3985190410845142,-5.018580779872595
0.4025242240336359,-4.968645066769634
0.40656965974059933,-4.919206222313897
0.4106557527523456,-4.870259302579748
0.41478291168158143,-4.821799412834419
0.41895154924763894,-4.773821707048554
0.42316208231774904,-4.726321387411588
0.4274149319487268,-4.679293703851981
0.43171052342907973,-4.632733953562183
0.43604928632153556,-4.586637480528366
0.44043165450599914,-4.540999675064813
0.44485806622294133,-4.495815973352941
0.4493289641172217,-4.451081856984934
0.45384479528235583,-4.406792852511873
0.4584060113052234,-4.362944530996404
0.4630130683112283,-4.319532507569828
0.46766642700990935,-4.276552440993636
0.4723665527410147,-4.23400003322535
0.47711391552103427,-4.19187102898873
0.48190899009020266,-4.150161215348243
0.4867522559599718,-4.108866421287774
0.4916441974609651,-4.067982517293501
0.4965853037914094,-4.027505414940954
0.5015760690660558,-3.9874310664861627
0.5066169923655898,-3.947755464460894
0.5117085777865426,-3.9084746412718783
0.5168513344916992,-3.8695846688040634
0.5220457767610164,-3.8310816580277898
0.5272924240430488,-3.792961758609901
0.5325918010068973,-3.7552211585286854
0.5379444375946745,-3.717856083692684
0.5433508690745001,-3.6808627975632726
0.5488116360940266,-3.644237600781017
0.5543272847345071,-3.6079768307957134
0.559898366565402,-3.572076861500147
0.565525438699537,-3.536534102867471
0.5712090638488151,-3.501345000592201
0.5769498103804868,-3.46650603573479
0.5827482523739896,-3.432013724369717
0.5886049696783551,-3.397864617237102
0.5945205479701946,-3.364055299397771
0.6004955788122661,-3.3305823898917715
0.6065306597126334,-3.2974425414002564
0.6126263941844159,-3.2646324399107587
0.6187833918061412,-3.232148804385785
0.625002268282701,-3.1999883864347196
0.631283645506926,-3.1681479699889636
0.6376281516217732,-3.136624370980338
0.6440364210831416,-3.1054144370226706
0.6505090947233167,-3.0745150470965616
0.6570468198150569,-3.0439231112372673
0.6636502501363193,-3.0136355702257074
0.6703200460356397,-2.983649395282539
0.6770568744981649,-2.9539615877652845
0.6838614092123559,-2.924569178868449
0.6907343306373546,-2.8954692293266495
0.6976763260710315,-2.866658829120679
0.7046880897187137,-2.838135097186514
0.7117703227626098,-2.8098951811271875
0.7189237334319262,-2.7819362569275605
0.7261490370736907,-2.754255528671915
0.7334469562242896,-2.7268502282643543
0.740818220681718,-2.699717615152006
0.7482635675785652,-2.6728549760509446
0.7557837414557252,-2.6462596246748746
0.7633794943368535,-2.6199289014664937
0.7710515858035665,-2.593860173331543
0.7788007830714049,-2.568050833375483
0.7866278610665532,-2.54249830064281
0.7945336025033344,-2.5172000198589544
0.8025187979624787,-2.492153461174761
0.8105842459701871,-2.4673561199134864
0.8187307530779817,-2.44280551632034
0.8269591339433627,-2.4184991953145016
0.8352702114112722,-2.39443472624362
0.8436648165963837,-2.370609702640731
0.8521437889662112,-2.3470217419836206
0.8607079764250583,-2.3236684854565652
0.8693582353988061,-2.300547597714454
0.8780954309205614,-2.2776567666492435
0.8869204367171574,-2.254993703158752
0.8958341352965288,-2.2325561409177412
0.9048374180359599,-2.2103418361512945
0.9139311852712283,-2.1883485674104204
0.9231163463866358,-2.1665741353499173
0.9323938199059488,-2.1450163625084318
0.941764533584249,-2.1236730930907184
0.9512294245007141,-2.102542192752048
0.9607894391523232,-2.0816215483847764
0.9704455335485079,-2.0609090679070343
0.9801986733067557,-2.0404026800535107
0.9900498337491682,-2.020100334168336
1.0,-2.0
1.010050167084168,-1.9800996674983362
1.0202013400267553,-1.9603973466135116
1.0304545339535163,-1.9408910670970174
1.040810774192389,-1.9215788783046448
1.0512710963760248,-1.9024588490014267
1.06183654654536,-1.8835290671684966
1.0725081812542168,-1.8647876398118959
1.0832870676749586,-1.8462326927732715
1.0941742837052102,-1.8278623705424566
1.1051709180756473,-1.8096748360719197
1.1162780704588706,-1.7916682705930576
1.1274968515793768,-1.7738408734343132
1.1388283833246227,-1.7561908618411213
1.150273798857228,-1.7387164707976106
1.1618342427282835,-1.721415952850115
1.1735108709918105,-1.7042875779324222
1.1853048513203654,-1.6873296331927674
1.19721736312181,-1.6705404228225444
1.2092495976572508,-1.6539182678867255
1.221402758160169,-1.637461506155965
1.2336780599567443,-1.6211684919403728
1.2460767305873817,-1.6050375959249559
1.2586000099294783,-1.5890672050066674
1.271249150321405,-1.5732557221331065
1.2840254166877414,-1.5576015661428098
1.2969300866657716,-1.5421031716071327
1.3099644507332469,-1.526758988673707
1.323129812337436,-1.511567482911452
1.3364274880254734,-1.496527135157129
1.349858807576004,-1.4816364413634346
1.3634251141321785,-1.4668939124485778
1.3771277643359574,-1.4522980741473814
1.3909681284637803,-1.4378474668638523
1.4049475905635935,-1.4235406455252197
1.4190675485932567,-1.4093761794374275
1.4333294145603395,-1.395352652142063
1.4477346146633259,-1.381468661274708
1.4622845894342256,-1.3677228184247108
1.4769807938826434,-1.3541137489963286
1.4918246976412708,-1.3406400920712782
1.5068177851128537,-1.3273005002726386
1.5219615556186337,-1.3140936396301137
1.537257523548281,-1.3010181894466335
1.5527072185113353,-1.2880728421662833
1.5683121854901676,-1.2752563032435476
1.5840739849944832,-1.2625672910138508
1.5999941932173614,-1.2500045365654007
1.616074402192894,-1.2375667836122812
1.6323162199553793,-1.2252527883688318
1.6487212707001282,-1.2130613194252668
1.665291194945886,-1.2009911576245322
1.6820276496988857,-1.1890410959403892
1.6989323086185495,-1.1772099393567113
1.71600686218486,-1.1654965047479782
1.7332530178673964,-1.1538996207609726
1.7506725002961019,-1.1424181276976293
1.7682670514337357,-1.1310508773990737
1.7860384307500734,-1.119796733130804
1.8039884153978567,-1.1086545694690142
1.8221188003905082,-1.0976232721880532
1.8404313987816363,-1.0867017381490003
1.8589280418463439,-1.0758888751893478
1.8776105792643445,-1.0651836020137937
1.8964808793049523,-1.0545848480860966
1.9155408290138967,-1.0440915535220319
1.9347923344020317,-1.0337026689833984
1.9542373206359394,-1.023417155573085
1.973877732230447,-1.0132339847311795
1.9937155332430814,-1.0031521381321116
2.013752707470479,-0.9931706075828178
2.0339912586467523,-0.9832883949219293
2.054433210643889,-0.9735045119199427
2.0750806076741237,-0.9638179801804043
2.095935514494365,-0.9542278310420684
2.117000016612675,-0.9447331054820294
2.138276220496818,-0.9353328540198187
2.1597662537849143,-0.9260261366224565
2.1814722654981997,-0.9168120226104477
2.2033964262559387,-0.9076895905647108
2.225540928492469,-0.8986579282344426
2.2479079866764726,-0.8897161324458818
2.2704998375324066,-0.8808633090119982
2.293318740264183,-0.8720985726430711
2.3163669767810915,-0.8634210468581595
2.3396468519259903,-0.8548298638974535
2.3631606937057934,-0.8463241646354982
2.386910853524279,-0.8379030984952771
2.4108997064172115,-0.8295658233631622
2.435129651289876,-0.8213115055046905
2.4596031111569507,-0.8131393194811979
2.484322533384817,-0.8050484480672718
2.5092903899362975,-0.7970380821690284
2.534509177617854,-0.7891074207432024
2.5599814183292704,-0.7812556707170425
2.585709659315849,-0.7734820469090016
2.61169647342312,-0.7657857719502233
2.6379444593541543,-0.7581660762067971
2.664456241929418,-0.7506221977027988
2.691234472349263,-0.7431533820440912
2.718281828459045,-0.7357588823428847
2.745601015016916,-0.7284379591430468
2.773194763964297,-0.7211898803461568
2.8010658346990773,-0.7140139211382952
2.829217014351562,-0.7069093639175597
2.8576511180631656,-0.6998754982223102
2.88637098926796,-0.6929116206601145
2.9153794999769973,-0.6860170348374132
2.944679551065524,-0.6791910512898782
2.9742740725630648,-0.6724329874134668
3.004166023946432,-0.6657421673961593
3.034358394435674,-0.6591179221503785
3.064854203293005,-0.6525595892460783
3.095656500124714,-0.6460665128445053
3.1267683651861575,-0.6396380436326075
3.158192909689769,-0.6332735387581062
3.189933276116185,-0.6269723617652105
3.2219926385284996,-0.6207338825309701
3.25437420288967,-0.6145574772022626
3.2870812073831166,-0.6084425281334084
3.3201169227365512,-0.6023884238244035
3.3534846525490267,-0.5963945588597742
3.387187733621337,-0.590460333848028
3.421229536289675,-0.5845851553617185
3.4556134647626764,-0.5787684358781011
3.4903429574618414,-0.5730095937203802
3.5254214873653815,-0.5673080529995409
3.560852562355519,-0.5616632435567598
3.596639725569279,-0.5560746009063886
3.6327865557528125,-0.5505415661795041
3.6692966676192467,-0.5450635860680249
3.7061737122102008,-0.5396401127693734
3.7434213772608635,-0.5342706039317006
3.781043387568781,-0.5289545225996479
3.819043505366335,-0.5236913371606521
3.857425530696973,-0.5184805212917831
3.896193301795212,-0.5133215539071121
3.935350695470477,-0.5082139191056001
3.9749016274947513,-0.5031571061195126
4.014850052994204,-0.49815060926333615
4.055199966844676,-0.49319392788321276
4.0959554040711765,-0.4882865663068741
4.137120440251392,-0.48342803379407295
4.178699191923245,-0.47861784448750916
4.2206958169965505,-0.47385551736424375
4.263114515168822,-0.4691405761875948
4.30595952834521,-0.4644725494595172
4.349235141062744,-0.45985097037344735
4.392945680918759,-0.45527537676762525
4.437095519003665,-0.4507453110788774
4.4816890703380645,-0.4462603202968597
4.526730794314251,-0.44181995591875645
4.572225195142157,-0.4374237739044297
4.618176822299778,-0.4330713346320144
4.66459027098813,-0.4287622028539555
4.711470182590745,-0.4244959476534858
4.758821245137857,-0.4202721424015292
4.80664819377518,-0.41609036471404076
4.854955811237434,-0.4119501964097669
4.903748928326621,-0.40785122346842695
4.953032424395113,-0.40379303598931093
5.002811227833585,-0.3997752281502892
5.053090316563872,-0.395797398167229
5.10387471853673,-0.3918591482538184
5.155169512234684,-0.3879600845817836
5.20697982717985,-0.3840998172415081
5.259310844446899,-0.380277960203041
5.312167797181167,-0.37649413127749354
5.365555971121974,-0.37274795207882
5.419480705131203,-0.36903904798597875
5.473947391727205,-0.36536704810546894
5.528961477624009,-0.36173158523424387
5.584528464276057,-0.3581322958229862
5.640653908428323,-0.3545688199397555
5.697343422671993,-0.35104080123399367
5.754602676005731,-0.3475478869008902
5.812437394402587,-0.34408972764610113
5.870853361382599,-0.340665977650819
5.929856418591142,-0.3372762945371912
5.989452466383119,-0.3339203393340811
6.04964746441295,-0.33059777644317284
6.110447432230613,-0.327308273605408
6.171858449883555,-0.32405150186776144
6.2338866585247175,-0.32082713555034553
6.296538261026656,-0.3176348522138414
6.359819522601829,-0.3144743326272553
6.42373677142913,-0.3113452607359948
6.4882963992867175,-0.3082473236302625
6.553504862191153,-0.3051802115137675
6.619368681043081,-0.3021436176727415
6.685894442279272,-0.29913723844526996
6.753088798531287,-0.2961607731909249
6.8209584692907494,-0.2932139242607003
6.889510241581291,-0.2902963969672475
6.9587509706372686,-0.28740789955540597
7.028687580589301,-0.28454814317302685
7.099327065156639,-0.2817168418420897
7.170676488346618,-0.2789137124301017
7.242742985161016,-0.2761384746217855
7.315533762309568,-0.27339085089104764
7.38905609893065,-0.2706705664732254
7.463317347319193,-0.26797734933760997
7.538324933661919,-0.26531093016024354
7.61408635877997,-0.26267104229698635
7.690609198879005,-0.2600574217568516
7.767901106306778,-0.25746980717560825
7.8459698103184525,-0.2549079397896414
7.92482311784949,-0.25237156341007744
8.004468914296353,-0.24986042439716483
8.084915164305059,-0.24737427163490966
8.166169912567646,-0.24491285650596392
8.248241284626657,-0.24247593286676347
8.3311374876877,-0.24006325702291323
8.414866811440136,-0.23767458770481908
8.499437628886128,-0.23530968604355826
8.584858397177896,-0.23296831554699385
8.671137658463456,-0.23065024207612503
8.758284040740834,-0.22835523382167297
8.84630625872088,-0.2260830612808998
8.935213114698744,-0.22383349723465787
9.025013499434131,-0.22160631672466752
9.115716393040314,-0.21940129703102262
9.207330865882257,-0.2172182176499158
9.29986607948359,-0.21505686027158982
9.393331287442784,-0.2129170087585056
9.487735836358526,-0.21079844912372867
9.583089166764376,-0.20870096950953007
9.679400814072837,-0.20662436016620048
9.776680409528899,-0.20456841343107507
9.874937681173192,-0.20253292370776663
9.974182454814727,-0.20051768744560733
10.07442465501359,-0.19852250311929123
10.175674306073338,-0.196547171208723
10.277941533043448,-0.19459149417906554
10.381236562731843,-0.19265527646098607
10.48556972472757,-0.1907383244310993
10.590951452433774,-0.18884044639260478
10.697392284111062,-0.18696145255611676
10.804902863931266,-0.18510115502068641
10.91349394304198,-0.18325936775500962
11.023176380641605,-0.18143590657882497
11.133961145065307,-0.17963058914449526
11.245859314881844,-0.17784323491877269
11.358882080001454,-0.17607366516474515
11.473040742794828,-0.17432170292396268
11.588346719223402,-0.17258717299874082
11.704811539980865,-0.1708699019346423
11.822446851646369,-0.1691697180031293
11.941264417849109,-0.16748645118439184
12.06127612044472,-0.16581993315034532
12.182493960703473,-0.1641699972477976
12.30493006051041,-0.1625364784817834
12.428596663577538,-0.16091921349906493
12.553506136668224,-0.15931804057179616
12.679670970833888,-0.15773279958134975
12.807103782663042,-0.1561633320023062
12.935817315543083,-0.1546094808865994
13.065824440934563,-0.15307109084782294
13.197138159658358,-0.15154800804569096
13.329771603195772,-0.15004008017065396
13.463738035001686,-0.1485471564286678
13.599050851830919,-0.14706908752611425
13.735723585077938,-0.14560572565487104
13.873769902129917,-0.1441569244775321
14.01320360773362,-0.14272253911277205
14.154038645375808,-0.1413024261208591
14.296289098677603,-0.1398964434893107
14.43996919280288,-0.13850445061869196
14.585093295880785,-0.13712630830855588
14.731675920442564,-0.13576187874352294
14.87973172487285,-0.1344110254794994
15.029275514875415,-0.13307361343003357
15.180322244953906,-0.13174950885280584
15.332887019907202,-0.130438579336255
15.486985096339938,-0.12914069378633694
15.642631884188171,-0.12785572241341514
15.799842948260395,-0.12658353671928146
15.958634009794022,-0.12532400948430636
16.119020948027536,-0.12407701475471669
16.281019801788442,-0.12284242783000014
16.444646771097062,-0.12162012525043583
16.609918218786706,-0.12040998478474704
16.77685067213988,-0.11921188541787867
16.94546082454102,-0.11802570733889567
17.115765537145876,-0.11685133192900166
17.287781840567632,-0.11568864174967697
17.46152693657998,-0.11453752053093477
17.63701819983734,-0.11339785315969371
17.81427317961221,-0.11226952566826737
17.993309601550326,-0.11115242522296608
18.174145369443067,-0.11004644011281442
18.356798567017925,-0.10895145973837972
18.54128745974687,-0.10786737460071204
18.727630496672912,-0.1067940762903942
18.91584631225503,-0.10573145747670078
19.10595372823167,-0.10467941189686467
19.297971755502775,-0.10363783434545158
19.49191959603113,-0.10260662066383817
19.687816644762407,-0.10158566772979696
19.88568249156473,-0.10057487344718373
20.085536923187668,-0.09957413673572789
20.287399925240926,-0.09858335752092434
20.49129168419293,-0.09760243672402596
20.69723258938949,-0.09663127625213562
20.905243235092776,-0.09566977898839665
21.115344422540627,-0.09471784878228177
21.327557162026913,-0.09377539043997693
21.541902675002422,-0.0928423097148625
21.75840239619708,-0.09191851329808841
21.977077975763418,-0.09100390880924314
22.197951281441625,-0.09009840478711564
22.421044400746332,-0.08920191068054911
22.64637964317542,-0.08831433683938565
22.87397954244083,-0.0874355945055018
23.103866858722196,-0.08656559580393175
23.336064580942722,-0.08570425373408033
23.570595929068126,-0.08485148216102277
23.80748435642867,-0.0840071958068911
24.046753552064487,-0.08317131024234636
24.288427443094545,-0.0823437418781355
24.532530197109374,-0.08152440795673235
24.77908622458772,-0.08071322654406222
25.028120181337826,-0.07991011652130776
25.279656970962904,-0.07911499757679741
25.533721747351528,-0.07832779019797413
25.790339917193062,-0.07754841566344402
26.049537142518336,-0.07677679603510415
26.31133934326588,-0.07601285415034865
26.57577269987394,-0.07525651361435247
26.84286365589859,-0.07450769879243155
27.112638920657908,-0.07376633480247996
27.38512547190323,-0.07303234750748078
27.660350558516758,-0.07230566350809282
27.938341703236507,-0.0715862101353106
28.21912670540861,-0.07087391544319728
28.502733643767268,-0.07016870820169008
28.78919087924266,-0.06947051788947717
29.078527057797103,-0.06877927468694536
29.370771113289457,-0.06809490946919863
29.66595227036887,-0.06741735379914476
29.964100047397025,-0.06674653992065213
30.265244259400085,-0.06608240075177386
30.569415021050208,-0.06542486987803964
30.876642749677032,-0.06477388154581411
31.186958168309445,-0.06412937065572158
31.500392308747966,-0.06349127275613582
31.81697651466772,-0.06285952403673536
32.136742444753175,-0.06223406132212169
32.45972207586381,-0.06161482206550213
32.785947706231894,-0.06100174434243496
33.11545195869231,-0.06039476684463701
33.44826778394491,-0.059793828873852636
33.78442846384954,-0.05919887033578403
34.12396761475434,-0.05860983173408155
34.46691919085742,-0.05802665416439406
34.81331748760205,-0.05744927930847881
35.16319714510663,-0.05687764942836899
35.516593151628484,-0.05631170736060019
35.87354084706276,-0.05575139651049403
36.234075926476464,-0.055196660846498574
36.598234443677974,-0.054647444894585145
36.96605281482248,-0.05410369373270085
37.33756782205369,-0.053565352985276295
37.71281661718178,-0.05303236881778831
38.091836725399034,-0.0525046879313759
38.47466604903214,-0.05198225755751067
38.86134287133247,-0.05146502545271989
39.2519058603045,-0.05095293989336203
39.64639407257258,-0.050445949670454446
40.0448469572867,-0.04994400408455233
40.447304360067434,-0.04944705294067873
40.853806526990304,-0.04895504654330529
41.26439410861082,-0.048467935691382205
41.67910816402931,-0.047985671673418336
42.09799016499691,-0.047508206262609994
42.52108200006278,-0.047035491712018214
42.94842597876301,-0.04656748074979402
43.3800648358516,-0.04610412657445116
43.81604173557394,-0.04564538285018598
44.25640027598341,-0.045191203702243686
44.70118449330086,-0.044741543712331154
45.150438866318744,-0.04429635791407461
45.60420832084875,-0.04385560178852322
46.06253823421448,-0.04341923125969714
46.5254744397892,-0.042987202690179846
46.993063231579264,-0.04255947287675436
47.4653513688535,-0.04213599904608289
47.9423860808193,-0.0417167388504294
48.424215071345216,-0.04130165036342509
48.91088652373191,-0.04089069207587529
49.40244910553019,-0.04048382289160877
49.89895197340787,-0.04008100212336803
50.400444778065484,-0.039682189488740575
50.90697766920142,-0.0392873451061306
51.418601300526895,-0.038896429490770795
51.93536683483149,-0.038509403550773806
52.45732594909909,-0.03812622858322324
52.9845308396762,-0.03774686627030295
53.51703422749119,-0.037371278675465525
54.0548893633266,-0.036999428239638484
54.598150033144236,-0.036631277777468364
55.1468705634638,-0.03626679047360216
55.70110582679559,-0.03590592987900573
56.2609112471279,-0.035548659907318855
56.826342805469075,-0.03519494483124675
57.39745704544624,-0.034844749278987
57.97431107895932,-0.03449803823069253
58.556962591892386,-0.034154777014969585
59.14546984988227,-0.03381493130541056
59.739891704145194,-0.033478467117161265
60.34028759736195,-0.0331453508035225
60.94671756962217,-0.03281554905258532
61.559242264428576,-0.032489028883899713
62.17792293476085,-0.03216575764517684
62.80282144920171,-0.03184570300902337
63.434000298123344,-0.03152883296970897
64.07152259993664,-0.031215115839965658
64.71545210740304,-0.03090452024781903
65.3658532140099,-0.030597015133451037
66.02279096040989,-0.030292569746093984
66.68633104092521,-0.029991153640955382
67.35653981011664,-0.029692736676173635
68.03348428941972,-0.02939728900980354
68.7172321738465,-0.029104781096832243
69.4078518387552,-0.0288151836862247
70.10541234668786,-0.02852846781799851
70.80998345427655,-0.028244604820327927
71.5216356192192,-0.027963566306676617
72.24044000732545,-0.027685324172958978
72.96646849963287,-0.027409850594729866
73.69979369959584,-0.027137118024401847
74.44048894034549,-0.026867099188490604
75.18862829202311,-0.026599767084887534
75.94428656918733,-0.026335094980159506
76.70753933829559,-0.02607305640687547
77.47846292526083,-0.02581362516095975
78.25713442308421,-0.025556775299071546
79.04363169956453,-0.025302481136010586
79.83803340508457,-0.02505071724214875
80.64041898047705,-0.02480145844088679
81.45086866496814,-0.024554679806136875
82.26946350420168,-0.024310356659829873
83.09628535834376,-0.02406846456944755
83.93141691026881,-0.02382897934557929
84.77494167382795,-0.023591877039503144
85.62694400220066,-0.023357133940790867
86.48750909632946,-0.023124726574937055
87.35672301344107,-0.0228946317010114
88.23467267565151,-0.022666826309334778
89.12144587865868,-0.022441287619178168
90.01713130052181,-0.022217993076484612
90.92181851052953,-0.021996920351613762
91.83559797815674,-0.0217780473371089
92.75856108211184,-0.021561352145486146
93.69080011947406,-0.02134681310704583
94.63240831492415,-0.021134408767705292
95.58347983006632,-0.02092411788685359
96.54410977284468,-0.020715919435227395
97.51439420705401,-0.020509792592808045
98.49443016194631,-0.020305716746739526
99.48431564193378,-0.02010367148926717
100.4841496363893,-0.019903636615696857
101.49403212954572,-0.019705592122374497
102.51406411049355,-0.01950951820468579
103.54434758328111,-0.019315395255075536
104.58498557711422,-0.01912320386108701
105.63608215665951,-0.018932924803420646
106.69774243245082,-0.018744539054012115
107.77007257140046,-0.018558027774129484
108.85317980741593,-0.018373372312489346
109.94717245212361,-0.018190554203391617
111.05215990569927,-0.0180095551648731
112.16825266780927,-0.01783035709687909
113.29556234865991,-0.017652942079453445
114.43420168015871,-0.01747729237094658
115.58428452718766,-0.017303390406241268
116.7459258989899,-0.01713121879499612
117.91924196067062,-0.016960760319906537
119.10435004481398,-0.016791997934982927
120.30136866321558,-0.016624914763846223
121.51041751873497,-0.016459494098040046
122.73161751726525,-0.016295719395359964
123.96509077982394,-0.01613357427819923
125.21096065476522,-0.015973042531911005
126.46935173011477,-0.015814108103186883
127.7403898460288,-0.01565675509845155
129.02420210737813,-0.0155009677822734
130.32091689645895,-0.015346730575790965
131.63066388583033,-0.01519402805515512
132.95357405128286,-0.015042844949986527
134.28977968493552,-0.014893166141848676
135.63941440846523,-0.014744976662736022
137.00261318646898,-0.014598261693577166
138.3795123399606,-0.014453006562752925
139.7702495600029,-0.014309196744629169
141.174963921477,-0.014166817858104225
142.5937958969892,-0.014025855665170835
144.02688737091967,-0.013886296069492217
145.47438165361004,-0.013748125114992498
146.9364234956948,-0.013611328984461088
148.4131591025766,-0.013475893998170934
149.90473614904667,-0.013341806612510549
151.41130379405269,-0.013209053418629622
152.9330126956149,-0.013077621141098115
154.47001502589097,-0.0129474966365788
156.0224644863951,-0.012818666892512754
157.590516323367,-0.012691119025818222
159.17432734329714,-0.012564840281602235
160.7740559286073,-0.012439818031885146
162.38986205348914,-0.012316039774337794
164.0219072999017,-0.012193493131031276
165.6703548737296,-0.01207216584719914
167.33536962110423,-0.011952045790011875
169.01711804488733,-0.011833120947363704
170.71576832132297,-0.011715379426671235
172.43149031685434,-0.011598809453684283
174.16445560511082,-0.011483399371308404
175.9148374840653,-0.01136913763843919
177.6828109933644,-0.01125601282880813
179.4685529318323,-0.011144013629839996
181.27224187515137,-0.011033128841521533
183.09405819371833,-0.010923347375281547
184.93418407068356,-0.01081465825288191
186.79280352016818,-0.010707050605319804
188.670102405666,-0.010600513671740804
190.56626845863,-0.01049503679836277
192.4814912972456,-0.010390609437410462
194.41596244539272,-0.010287221146060767
196.36987535179858,-0.010184861585398372
198.34342540938135,-0.01008352051938195
200.33680997479183,-0.009983187813820425
202.35022838814766,-0.009883853435359635
204.38388199296807,-0.009785507450478952
206.43797415630826,-0.009688140024497933
208.51271028909628,-0.009591741420592843
210.60829786667438,-0.009496301998822954
212.72494644954662,-0.00940181221516656
214.86286770433563,-0.009308262620566535
217.02227542494765,-0.009215643859985495
219.20338555395466,-0.009123946671470184
221.40641620418717,-0.009033161885225332
223.63158768054606,-0.008943280422696664
225.87912250203328,-0.008854293295663023
228.14924542400394,-0.00876619160533755
230.44218346064198,-0.008678966541477796
232.7581659076623,-0.008592609381504673
235.09742436523877,-0.008507111489630244
237.46019276116692,-0.008422464315994062
239.84670737425535,-0.008338659395808225
242.25720685795415,-0.008255688348510872
244.69193226422038,-0.008173542876928135
247.1511270676237,-0.008092214766444398
249.6350371896937,-0.00801169588418084
