r,$\psi$
0.00033546262790251185,0.0
0.0003388340833634261,2.4801312211813977e-05
0.0003422394225150394,4.960324277420468e-05
0.00034567898589410494,7.440641002215542e-05
0.0003491531174598264,9.921143228718788e-05
0.00035266216462825575,0.00012401892791225858
0.00035620647830703403,0.00014882951526664682
0.00035978641293048306,0.00017364381276083464
0.0003634023264950478,0.00019846243886137863
0.0003670545805950984,0.00022328601210577415
0.0003707435404590882,0.00024811515111731227
0.00037446957498607833,0.00027295047461992924
0.00037823305678262576,0.00029779260145304894
0.0003820343622000467,0.000322642150586418
0.00038587387137205064,0.00034749974113493644
0.0003897519682527548,0.00037236599237347906
0.0003936690406550783,0.0003972415237517127
0.00039762548028952584,0.0004221269549089073
0.0004016216828033581,0.00044702290568874074
0.00040565804782015684,0.0004719299961540989
0.0004097349789797868,0.0004968488466018692
0.00041385288397876164,0.0005217800775777304
0.0004180121746110129,0.0005467243098909375
0.00042221326680907034,0.000571682164629101
0.00042645658068565383,0.0005966542631729637
0.00043074254057568753,0.0006216412272111686
0.0004350715750787321,0.0006466436787550295
0.00043944411710184546,0.0006716622401532918
0.000443860603902874,0.0006966975341068927
0.00044832147713417755,0.0007217501836837189
0.00045282718288679695,0.0007468208123333552
0.0004573781717350623,0.000771910043901839
0.0004619748987816513,0.0007970185026464033
0.0004666178237030984,0.0008221468132502206
0.00047130741079576537,0.000847295600837146
0.00047604412902226933,0.0008724654909864558
0.00048082845205838073,0.0008976571097475817
0.0004856608583403892,0.0009228710836548472
0.0004905418311129505,0.0009481080397421994
0.0004954718584774093,0.000973368605557937
0.0005004514334406108,0.0009986534091794438
0.0005054810539642003,0.0010239630792279134
0.0005105612230144218,0.0010492982448830736
0.0005156924486124138,0.0010746595358979143
0.0005208752438850126,0.0011000475826134103
0.0005261101271160638,0.0011254630159732435
0.0005313976217982529,0.001150906467538523
0.0005367382566854548,0.0011763785695025081
0.000542132565845609,0.0012018799547053275
0.0005475810887141261,0.0012274112566487024
0.0005530843701478336,0.0012529731095106634
0.0005586429604794611,0.00127856614816027
0.0005642574155726738,0.0013041910081723323
0.0005699282968776604,0.0013298483258421293
0.0005756561714872761,0.0013555387382001261
0.0005814416121937556,0.0013812628830266974
0.0005872851975459913,0.0014070213988668424
0.000593187511907387,0.0014328149250449112
0.0005991491455142981,0.0014586441016793206
0.0006051706945350532,0.0014845095696972774
0.0006112527611295723,0.0015104119708495016
0.000617395953509584,0.001536351947724947
0.0006236008859994445,0.001562330143765524
0.000629868179097574,0.001588347203280824
0.0006361984595385052,0.0016144037714628436
0.0006425923603555579,0.0016405004944007133
0.0006490505209441411,0.0016666380190954217
0.0006555735871256958,0.0016928169934745444
0.0006621622112122764,0.0017190380664069704
0.0006688170520717824,0.001745301887717637
0.0006755387751938444,0.0017716091082022585
0.0006823280527563766,0.0017979603796420547
0.0006891855636927931,0.0018243563548184876
0.0006961119937599026,0.001850797687527993
0.0007031080356064829,0.001877285032596723
0.000710174388842549,0.0019038190458952739
0.0007173117601093135,0.0019304003843534263
0.0007245208631498506,0.0019570297059748865
0.0007318024188804728,0.001983707669852029
0.0007391571554628196,0.002010434936180632
0.0007465858083766792,0.0020372121662746243
0.0007540891204935341,0.002064040022580824
0.0007616678421508473,0.002090919168693686
0.0007693227312271008,0.0021178502693700494
0.0007770545532175816,0.0021448339905438788
0.0007848640813109316,0.002171870999341017
0.0007927520964664691,0.0021989619640939277
0.0008007193874922814,0.0022261075543564468
0.0008087667511241114,0.00225330844091853
0.0008168949921050283,0.002280565295821009
0.0008251049232659046,0.0023078787923703314
0.0008333973656066964,0.0023352496051533243
0.000841773148378549,0.002362678410051933
0.0008502331091667194,0.0023901658842579794
0.0008587780939743372,0.00241771270628791
0.0008674089573070025,0.0024453195559975497
0.0008761265622582417,0.002472987114596853
0.0008849317805958146,0.002500716064664658
0.0008938254928488935,0.0025285070901634225
0.0009028085883961136,0.002556360876453995
0.0009118819655545162,0.0025842781103103396
0.0009210465316693785,0.0026122594799343054
0.000930303203204949,0.002640305674970363
0.0009396529058360961,0.00266841738652035
0.0009490965745408727,0.002696595307158216
0.0009586351536940199,0.002724840130944764
0.0009682695971614026,0.002753152553442392
0.0009780008683953946,0.002781533271729833
0.0009878299405312295,0.0028099829844168826
0.000997757796484312,0.002838502391659134
0.0010077854290485105,0.0028670921951727177
0.0010179138409954387,0.0028957530982490144
0.0010281440451747298,0.0029244858057693914
0.0010384770646153282,0.0029532910242199123
0.0010489139326277893,0.0029821694617060616
0.0010594556929076101,0.003011121827967446
0.0010701033996396044,0.003040148834392513
0.0010808581176033184,0.0030692511940332377
0.0010917209222795108,0.0030984296216198335
0.0011026928999577018,0.003127684833575435
0.0011137751478448032,0.0031570175480307894
0.0011249687741748374,0.003186428484838928
0.0011362748983197658,0.003215918365589847
0.0011476946509014264,0.003245487913625162
0.0011592291739045914,0.0032751378540527773
0.0011708796207911744,0.0033048689137615277
0.0011826471566155727,0.0033346818214358203
0.0011945329581411752,0.0033645773075702727
0.0012065382139580404,0.003394556104484337
0.0012186641246017523,0.003424618946336911
0.001230911902673481,0.003454766569140936
0.0012432827729612415,0.0034849997107780054
0.0012557779725623694,0.0035153191110129335
0.0012683987510072388,0.003545725511508337
0.0012811463703842113,0.0035762196558391797
0.001294022105465848,0.0036068022895073344
0.0013070272438363876,0.0036374741599561173
0.0013201630860205026,0.003668236016584794
0.0013334309456133593,0.0036990886107630978
0.0013468321494119746,0.0037300326958457095
0.0013603680375478939,0.0037610690271867426
0.0013740399636212118,0.003792198362154194
0.001387849294835929,0.0038234214601443966
0.0014017974121366744,0.0038547390825964256
0.0014158857103468022,0.0038861519930065277
0.0014301155983078744,0.003917660956942505
0.0014444884990205433,0.003949266742058069
0.0014590058497868585,0.003980970118107211
0.001473669102353996,0.004012771856958513
0.0014884797230594294,0.004044672732609462
0.0015034391929775724,0.004076673521200732
0.0015185490080678835,0.004108775001030449
0.001533810679324463,0.004140977952568421
0.0015492257329271562,0.004173283158470358
0.0015647957103941666,0.004205691403592061
0.001580522168736217,0.004238203475003576
0.0015964066806122487,0.004270820162003333
0.0016124508344866836,0.004303542256132252
0.0016286562347882806,0.0043363705511878054
0.0016450245020705747,0.004369305843238083
0.001661557273173934,0.004402348930635794
0.0016782562013892477,0.004435500614032258
0.0016951229566232505,0.004468761696391359
0.0017121592255655228,0.004502132983003452
0.0017293667118571572,0.0045356152814992464
0.0017467471362611197,0.004569209401863669
0.0017643022368343355,0.004602916156449649
0.0017820337691014916,0.004636736359991899
0.0017999435062305911,0.004670670829620651
0.0018180332392102713,0.004704720384875347
0.0018363047770289071,0.0047388858477182775
0.0018547599468555032,0.0047731680425482014
0.0018734005942224233,0.004807567796213906
0.0018922285832099397,0.004842085938027719
0.0019112457966326377,0.004876723299778983
0.0019304541362277093,0.004911480715747487
0.0019498555228451206,0.00494635902271683
0.0019694518966397014,0.004981359059987747
0.0019892452172651635,0.005016481669391381
0.0020092374640700602,0.0050517276953025115
0.002029430636295734,0.005087097984652715
0.002049826753276237,0.00512259338694347
0.0020704278546402606,0.005158214754259204
0.0020912360005151103,0.005193962941280307
0.002112253271732714,0.005229838805296047
0.002133481770037708,0.005265843206217447
0.002154923618297615,0.005301977006590077
0.0021765809607151255,0.005338241071606819
0.0021984559630425313,0.005374636269120526
0.0022205508127982956,0.005411163469656622
0.0022428677194858034,0.005447823546425669
0.002265408914814322,0.005484617375335801
0.0022881766529221693,0.005521545835005125
0.002311173210602129,0.005558609806774031
0.002334400887529133,0.005595810174717439
0.002357862006490233,0.005633147825656948
0.0023815589136168707,0.00567062364917292
0.0024054939786195095,0.005708238537616465
0.0024296695950245975,0.005745993386121365
0.002454088180413917,0.005783889092615889
0.0024787521766663585,0.005821926557834512
0.0025036640502021,0.005860106685329584
0.0025288262922292556,0.005898430381482851
0.0025542414189929983,0.0059368985555169305
0.00257991197202718,0.00597551211950665
0.0026058405184084983,0.00601427198839032
0.0026320296510132005,0.006053179079980865
0.002658481988776367,0.006092234314976896
0.0026852001769538205,0.006131438616973632
0.0027121868873866434,0.006170792912473744
0.0027394448187683684,0.006210298130898063
0.0027669766969148483,0.006249955204596219
0.0027947852750368437,0.006289765068857111
0.0028228733340153363,0.006329728661919258
0.002851243682679635,0.0063698469249810746
0.002879899158088243,0.006410120802211007
0.002908842625812584,0.006450551240757499
0.0029380769802235503,0.00649113919075888
0.002967605144780944,0.006531885605353086
0.0029974300723258286,0.0065727914406872754
0.0030275547453758153,0.006613857655927277
0.0030579821764233073,0.006655085213266908
0.0030887154082367718,0.006696475077937162
0.0031197575141649948,0.006738028218215218
0.0031511115984444414,0.006779745605433347
0.003182780796509667,0.0068216282139876
0.00321476827530687,0.006863677021346394
0.0032470772336105863,0.0069058930080589135
0.003279710902343573,0.006948277157763348
0.0033126725448998926,0.0069908304571949745
0.003345965457471275,0.007033553896194056
0.0033795929693767155,0.007076448467713572
0.0034135584433954303,0.0071195151678267845
0.0034478652761031265,0.007162754995734596
0.003482516898211663,0.0072061689537727385
0.0035175167749121284,0.00724975804741879
0.0035528684062213585,0.007293523285298978
0.0035885753273319477,0.007337465679194756
0.0036246411089657558,0.007381586244049259
0.0036610693577310083,0.007425885997973485
0.003697863716482932,0.0074703659622523165
0.0037350278646880674,0.007515027161350294
0.0037725655187922052,0.0075598706229171656
0.003810480432592037,0.007604897377793274
0.0038487763976105395,0.007650108460014669
0.0038874572434761303,0.0076955049068180075
0.003926526838305624,0.007741087758645199
0.003965989089091068,0.007786858059147861
0.00400584794209042,0.007832816855191474
0.004046107383222199,0.007878965196859336
0.004086771438464067,0.007925304137456221
0.004127844174255436,0.00797183473351184
0.0041693296979041115,0.008018558044783963
0.004211232157997035,0.008065475134261348
0.004253555744815125,0.008112587068166335
0.004296304690752343,0.00815989491595723
0.004339483270738899,0.008207399750330331
0.004383095802668776,0.008255102647221733
0.004427146647831511,0.008303004685808805
0.004471640211348332,0.008351106948511378
0.004516580942612666,0.0083994105209926
0.004561973335735092,0.008447916492159549
0.004607821929992752,0.008496625954163457
0.004654131310283272,0.00854554000239964
0.00470090610758328,0.008594659735507139
0.004748150999411478,0.008643986255367957
0.004795870710296421,0.00869352066710601
0.004844070012248967,0.008743264079085714
0.004892753725239476,0.008793217602910207
0.004941926717679818,0.008843382353419242
0.004991593906910217,0.008893759448686686
0.005041760259690979,0.008944350010017659
0.005092430792699196,0.008995155161945302
0.005143610573030383,0.009046176032227158
0.005195304718705231,0.009097413751841144
0.005247518399181385,0.00914886945498114
0.005300256835870402,0.009200544279052153
0.005353525302659903,0.009252439364665094
0.00540732912644096,0.009304555855631119
0.005461673687640779,0.009356894898955543
0.005516564420760777,0.009409457644831316
0.005572006814919998,0.009462245246632046
0.005628006414404065,0.009515258860904593
0.005684568819219595,0.00956849964736118
0.005741699685654202,0.009621968768871043
0.005799404726842141,0.009675667391451632
0.005857689713335617,0.00972959668425927
0.005916560473681857,0.009783757819579375
0.005976022895005943,0.009838151972816156
0.00603608292359957,0.009892780322481776
0.006096746565515638,0.009947644050185042
0.006158019887168897,0.010002744340619546
0.006219909015942573,0.010058082381551234
0.006282420140801118,0.01011365936380549
0.00634555951290911,0.010169476481253608
0.006409333446256383,0.010225534930798764
0.006473748318289405,0.010281835912361332
0.00653881057054907,0.010338380628863664
0.006604526709314811,0.010395170286214265
0.0066709033062552735,0.010452206093291384
0.006737946999085467,0.010509489261925938
0.006805664492230543,0.010567021006883837
0.006874062557496248,0.010624802545847693
0.0069431480347461145,0.010682835099397846
0.007012927832585425,0.01074111989099276
0.007083408929052125,0.010799658146948695
0.007154598372314585,0.010858451096418774
0.0072265032813764625,0.010917499971371297
0.007299130846788583,0.010976806006567403
0.007372488331368012,0.011036370439537964
0.007446583070924338,0.011096194510559767
0.007521422474993263,0.011156279462630961
0.007597014027577567,0.01121662654144576
0.007673365287895489,0.011277236995368353
0.007750483891136699,0.01133811207540606
0.007828377549225773,0.011399253035181715
0.007907054051593441,0.011460661130905176
0.007986521265955502,0.011522337621344093
0.008066787139099614,0.011584283767793774
0.008147859697679982,0.01164650083404629
0.00822974704902003,0.011708990086358657
0.008312457381923119,0.011771752793420149
0.008395998967491478,0.01183479022631874
0.008480380159953269,0.011898103658506656
0.00856560939749806,0.011961694365764974
0.008651695203120634,0.012025563626167355
0.00873864618547329,0.012089712720042747
0.008826471039726723,0.012154142929937177
0.008915178548439553,0.012218855540574539
0.00900477758243656,0.01228385183881643
0.009095277101695824,0.012349133113620927
0.009186686156244673,0.012414700656000395
0.009279013887064744,0.01248055575897819
0.009372269527006058,0.012546699717544308
0.009466462401710323,0.012613133828610002
0.009561601930543505,0.01267985939096132
0.009657697627537768,0.012746877705211422
0.009754759102342903,0.01281419007375191
0.009852796061187257,0.01288179780070288
0.009951818307848428,0.01294970219186192
0.010051835744633586,0.013017904554651839
0.010152858373369763,0.013086406198067262
0.010254896296404022,0.013155208432619941
0.010357959717613696,0.01322431257028284
0.010462058943426795,0.013293719924433015
0.010567204383852655,0.01336343180979312
0.010673406553522925,0.01343344954237168
0.010780676072743092,0.013503774439402061
0.01088902366855445,0.01357440781928
0.010998460175806881,0.01364535100149987
0.011108996538242306,0.013716605306589498
0.011220643809589084,0.013788172056043605
0.011333413154667387,0.013860052572255827
0.01144731585050571,0.013932248178449227
0.011562363287468536,0.014004760198605453
0.011678566970395453,0.014077589957392242
0.011795938519751572,0.014150738780089487
0.011914489672789647,0.01422420799251381
0.012034232284723775,0.014297998920941486
0.012155178329914935,0.014372112892029809
0.012277339903068436,0.014446551232736827
0.012400729220443395,0.014521315270239444
0.012525358621074385,0.014596406331849837
0.012651240568005305,0.014671825744930247
0.012778387649535773,0.01474757483680598
0.012906812580479873,0.014823654934676656
0.013036528203437736,0.014900067365525748
0.013167547490079751,0.01497681345602833
0.013299883542443767,0.015053894532456875
0.013433549594245302,0.015131311920585346
0.013568559012200934,0.015209066945591319
0.013704925297364945,0.015287160931956246
0.013842662086479513,0.015365595203363733
0.013981783153338308,0.015444371082595866
0.014122302410163962,0.015523489891427574
0.014264233908999256,0.015602952950518853
0.01440759184311235,0.01568276157930508
0.014552390548416123,0.015762917095885173
0.014698644504901784,0.01584342081690755
0.014846368338086832,0.015924274057454044
0.014995576820477717,0.016005478130921562
0.015146284873046992,0.01608703434890162
0.015298507566725518,0.016168944021057473
0.015452260123909515,0.01625120845499912
0.01560755791998283,0.016333828956155864
0.015764416484854486,0.01641680682764659
0.015922851504511684,0.016500143370147644
0.016082878822588433,0.01658383988175822
0.01624451444194987,0.016667897657863404
0.01640777452629266,0.016752317990994615
0.016572675401761255,0.016837102170687582
0.016739233558580632,0.01692225148333769
0.01690746565270528,0.017007767212052785
0.017077388507484793,0.01709365063650328
0.017249019115346265,0.017179903032769565
0.017422374639493515,0.017266525673186744
0.017597472415623393,0.017353519826186572
0.01777432995365946,0.017440886756136587
0.017952964939502866,0.0175286277231764
0.018133395236801075,0.01761674398305112
0.01831563888873418,0.017705236786941813
0.018499714119819242,0.01779410738129298
0.01868563933773278,0.01788335700763706
0.018873433135151493,0.017972986902415798
0.019063114291611637,0.018062998296798707
0.01925470177538692,0.018153392416498073
0.0194482147453854,0.01824417048158103
0.0196436725530653,0.018335333706278337
0.019841094744370288,0.018426883298789724
0.020040501061684014,0.01851882046108606
0.02024191144580438,0.018611146388708127
0.020445346037937663,0.01870386227056187
0.020650825181712566,0.01879696928871033
0.020858369425214716,0.018890468618161835
0.021067999523041423,0.01898436142665481
0.021279736438377175,0.01907864887443885
0.021493601345089923,0.019173332114052165
0.02170961562984857,0.019268412290095314
0.02192780089426161,0.019363890539001047
0.022148178957037325,0.01945976798880039
0.0223707718561656,0.019556045758884897
0.022595601851121864,0.019652724959764837
0.02282269142509297,0.019749806692823484
0.02305206328722558,0.019847292050067303
0.02328374037489701,0.019945182113872008
0.023517745856009107,0.02004347795672449
0.023754103131304997,0.02014218064096051
0.023992835836709185,0.02024129121849808
0.024233967845691123,0.020340810730566566
0.02447752327165267,0.020440740207431304
0.024723526470339388,0.02054108066811377
0.024972002042276165,0.020641833120107332
0.025222974835227223,0.020742998559088288
0.025476469946681016,0.020844577968622283
0.02573251272635994,0.020946572319866092
0.025991128778755358,0.021048982571264474
0.02625234396568797,0.021151809668242327
0.02651618440889418,0.021255054542891914
0.026782676492638175,0.021358718113655036
0.027051846866350402,0.021462801285000218
0.02732372244729257,0.021567304947094842
0.027598330423249287,0.02167222997547199
0.027875698255247015,0.02177757723069211
0.028155853680300096,0.021883347557999377
0.02843882471418452,0.02198954178697264
0.028724639654239433,0.022096160731170888
0.029013327082197053,0.02220320518777323
0.029304915867040746,0.022310675937213326
0.029599435167892013,0.022418573742807972
0.02989691443692632,0.022526899350380093
0.0301973834223185,0.02263565348787585
0.030500872171217483,0.022744836864975807
0.03080741103275109,0.022854450172700207
0.031117030661060873,0.02296449408300814
0.03142976201836771,0.023074969248390545
0.03174563637806794,0.023185876301457062
0.03206468532786078,0.023297215854516492
0.032386940772907054,0.023408988499151042
0.03271243493901982,0.023521194805783914
0.03304120037588693,0.023633835323240527
0.0333732699603261,0.023746910578302968
0.033708676899572416,0.023860421075257876
0.034047454734599344,0.02397436729543743
0.03438963734347271,0.024088749696753516
0.03473525894473855,0.024203568713224852
0.03508435410084504,0.02431882475449717
0.03543695772159864,0.024434518205356182
0.0357931050676553,0.024550649425233297
0.03615283175404641,0.02466721874770411
0.036516173753740416,0.02478422647997938
0.036883167401240015,0.02490167290238854
0.03725384939621581,0.025019558267855655
0.0376282568071762,0.025137882801367705
0.038006427075174334,0.025256646699434934
0.038388398017552075,0.025375850129543475
0.03877420783172201,0.0254954932296
0.039163895098987066,0.025615576107368216
0.039557498788398746,0.02573609883989725
0.03995505826065392,0.02585706147294178
0.04035661327203115,0.02597846402037373
0.04076220397836621,0.02610030646358561
0.04117187093906775,0.02622258875088521
0.04158565512117318,0.02634531079688177
0.04200359790344555,0.02646847248186314
0.042425741080511385,0.026592073651164325
0.0428521268670402,0.026716114114526894
0.043282797901965916,0.026840593645449426
0.04371779725275094,0.026965511980528708
0.04415716841969286,0.02709086881879168
0.044600955340274515,0.027216663821017974
0.04504920239355782,0.027342896609052914
0.04550195440462157,0.027469566765111066
0.045959256649044204,0.02759667383106996
0.04642115485743125,0.027724217307753943
0.04688769521998851,0.02785219665420824
0.04735892439114093,0.02798061128696284
0.04783488949419837,0.028109460579286365
0.04831563812606777,0.02823874386042957
0.04880121836201298,0.02836846041485854
0.04929167876046217,0.02849860948147735
0.049787068367863944,0.02862919025284014
0.050287436723591865,0.028760201874352593
0.05079283386489852,0.028891643443462345
0.051303310331919136,0.02902351400883866
0.05181891717272583,0.02915581256954098
0.05233970594843238,0.02928853807417637
0.05286572873835039,0.029421689420045537
0.053397038145197105,0.029555265452277563
0.05393368730035602,0.029689264962953096
0.05447572986918986,0.029823686690215886
0.05502322005640726,0.029958529317372643
0.055576212611483086,0.030093791471980817
0.056134762834133725,0.03022947172492468
0.0566989265798469,0.030365568589479117
0.05726876026546733,0.030502080520361234
0.057844320874838484,0.030639005912769596
0.05842566596450083,0.03077634310141116
0.05901285366944784,0.030914090359515378
0.05960594270893934,0.031052245897835794
0.06020499239237357,0.0311908078636387
0.06081006262521797,0.03132977433967902
0.06142121391500013,0.031469143343163024
0.06203850737735829,0.03160891282469789
0.06266200474215318,0.03174908066722804
0.06329176835964073,0.031889644684957905
0.06392786120670757,0.03203060262226135
0.06457034689316847,0.03217195215257738
0.06521928966812755,0.03231369087729207
0.06587475442640298,0.03245581632460676
0.06653680671501686,0.03259832594839205
0.06720551273974976,0.0327412171270278
0.06788093937176147,0.032884487162228915
0.06856315415427794,0.03302813327785683
0.069252225309346,0.03317215261871647
0.06994822174465536,0.03331654224933864
0.07065121306042962,0.03346129915274783
0.07136126955638608,0.03360642022921525
0.0720784622387661,0.03375190229499683
0.07280286282743559,0.03389774208105643
0.07353454376305707,0.03404393623177373
0.0742735782143339,0.034190481303637055
0.07502004008532698,0.03433737376392086
0.07577400402284548,0.03448460998934768
0.07653554542391149,0.03463218626473468
0.07730474044329978,0.034780098781624594
0.07808166600115317,0.03492834363690076
0.07886639979067495,0.03507691683138669
0.07965902028589801,0.03522581426842934
0.08045960674953247,0.03537503175246661
0.0812682392408917,0.03552456498757864
0.0820849986238988,0.03567440957602294
0.08290996657517266,0.03582456101675337
0.08374322559219599,0.035975014703922614
0.08458485900156473,0.036125765925368175
0.08543495096732123,0.03627680986108212
0.0862935864993705,0.03642814158166393
0.08716085146198134,0.03657975604675684
0.08803683258237259,0.036731648103467414
0.08892161745938634,0.03688381248476835
0.08981529457224763,0.037036243807884416
0.09071795328941255,0.03718893657266136
0.09162968387750488,0.03734188515991806
0.09255057751034329,0.037495083829781395
0.09348072627805847,0.037648526720004266
0.0944202231963023,0.0378022078442663
0.09536916221554965,0.03795612109045741
0.09632763823049303,0.03811026021894435
0.09729574708953276,0.038264618860819805
0.0982735856043615,0.03841919051613434
0.0992612515596457,0.038573968552111114
0.10025884372280375,0.03872894620134319
0.1012664618538834,0.03888411655997354
0.10228420671553744,0.03903947258585799
0.10331218008310024,0.03919500709671045
0.10435048475476504,0.039350712768231065
0.10539922456186433,0.039506582132217256
0.1064585043792528,0.03966260757465714
0.107528430135795,0.03981878133380592
0.10860910882495801,0.03997509549824508
0.10970064851551141,0.04013154200492421
0.11080315836233387,0.04028811263718601
0.11191674861732893,0.04044479902277387
0.11304153064044989,0.04060159263182279
0.1141776169108365,0.04075848477483312
0.11532512103806251,0.04091546660062756
0.11648415777349702,0.041072529094291446
0.11765484302177924,0.04122966307509616
0.11883729385240965,0.04138685919440612
0.12003162851145673,0.0415441079335695
0.12123796643338162,0.041701399601792206
0.12245642825298195,0.04185872433399589
0.12368713581745483,0.04201607208866009
0.12493021219858241,0.042173432645648164
0.12618578170503872,0.042330795604017764
0.1274539698948208,0.04248815037981563
0.12873490358780423,0.04264548620385697
0.1300287108784259,0.04280279211948983
0.13133552114849303,0.04296005698034469
0.13265546508012177,0.04311726944806901
0.13398867466880499,0.04327441799004737
0.1353352832366127,0.0434314908771077
0.13669542544552382,0.04358847618121332
0.13806923731089288,0.043745361773141415
0.13945685621505097,0.043902135320148056
0.140858420921045,0.04405878428362032
0.14227407158651353,0.04421529591671561
0.14370394977770298,0.044371657261988606
0.14514819848362376,0.044527855149006305
0.14660696213035015,0.04468387619195132
0.14808038659546244,0.04483970678721405
0.14956861922263512,0.04499533311097407
0.1510718088363709,0.04515074111677095
0.1525901057568839,0.04530591653306518
0.1541236618151314,0.04546084486078986
0.1556726303679974,0.045615511370893265
0.15723716631362766,0.04576990110187288
0.1588174261069207,0.045923998857301696
0.16041356777517274,0.046077789203346785
0.16202575093388072,0.04623125646628177
0.16365413680270413,0.04638438472999222
0.16529888822158656,0.04653715783347623
0.1669601696670407,0.04668955936833954
0.16863814726859547,0.04684157267628667
0.1703329888254095,0.046993180846608654
0.17204486382305056,0.04714436671366736
0.17377394345044514,0.04729511285437831
0.17552040061699684,0.0474454015856919
0.17728440996987788,0.047595214962074084
0.17906614791149328,0.04774453477298739
0.1808657926171221,0.047893342540373404
0.1826835240527346,0.04804161951613676
0.18451952399298935,0.048189346679632546
0.18637397603941003,0.048336504735157465
0.1882470656387468,0.048483074109445974
0.1901389801015205,0.04862903494917245
0.19204990862075422,0.04877436711845991
0.19398004229089197,0.048919050196397126
0.19592957412690937,0.049063063474565106
0.19789869908361465,0.04920638595457338
0.1998876140751446,0.04934899634560814
0.20189651799465547,0.049490873061993006
0.20392561173421347,0.04963199422076396
0.20597509820488344,0.049772337639259145
0.2080451823570204,0.04991188083272581
0.21013607120076483,0.05005060101194501
0.2122479738267431,0.050188475080875816
0.21438110142697794,0.05032547963432036
0.216535667316007,0.050461590955611445
0.21871188695221486,0.05059678501432408
0.22090997795937825,0.0507310374640125
0.22313016014842982,0.05086432363997436
0.22537265553943867,0.050996618557044
0.22763768838381285,0.05112789690741639
0.2299254851867239,0.05125813305850334
0.23223627472975883,0.051387301050823876
0.23457028809379762,0.05151537459593104
0.23692775868212188,0.0516423270743769
0.2393089222437546,0.051768131533717045
0.24171401689703645,0.051892760686557765
0.24414328315343706,0.052016186908647205
0.2465969639416066,0.05213838223701289
0.24907530463166827,0.052259318368148164
0.2515785530597565,0.05237896665624909
0.25410695955280027,0.05249729811150476
0.25666077695355605,0.05261428339844285
0.2592402606458916,0.05272989283433377
0.26184566858032604,0.0528440963876549
0.26447726129982396,0.05295686367661823
0.2671353019658503,0.05306816396776345
0.269820056384687,0.05317796617461955
0.27253179303401265,0.05328623885643784
0.27527078308975234,0.05339295021699868
0.2780373004531941,0.053498068103495826
0.2808316217783799,0.05360156000549973
0.28365402649977045,0.05370339305400471
0.2865047968601901,0.05380353402056149
0.28938421793905056,0.05390194931649954
0.29229257768085953,0.05399860499224161
0.29523016692401427,0.05409346673671437
0.2981972794298874,0.05418649987685819
0.301194211912202,0.05427766937723966
0.3042212640667042,0.05436693983977039
0.3072787386011313,0.05445427550353599
0.31036694126548503,0.05453964024473865
0.31348618088260527,0.054622997576757065
0.3166367693790534,0.05470431065032789
0.319819021816304,0.05478354225385266
0.32303325642225295,0.054860654813833926
0.32627979462303947,0.054935610395444937
0.3295589610751892,0.05500837070323724
0.33287108369807966,0.055078897081990326
0.3362164937067334,0.055147150517707674
0.3395955256449391,0.05521309163876395
0.3430085174187066,0.05527668071720728
0.34645581033005757,0.05533787767022243
0.34993774911115544,0.05539664206175844
0.35345468195878016,0.05545293310432627
0.35700696056914727,0.05550670966097107
0.36059494017307847,0.055557930247424406
0.3642189795715234,0.05560655303444148
0.36787944117144233,0.055652535850328186
0.3715766910220456,0.05569583618366389
0.37531109885139974,0.05573641118622491
0.37908303810339894,0.05577421767611446
0.38289288597511206,0.05580921214110458
0.3867410234545011,0.05584135074219597
0.3906278353585213,0.05587058931740074
0.39455371037160125,0.05589688338575519
0.3985190410845142,0.05592018815156747
0.4025242240336359,0.05594045850890708
0.40656965974059933,0.05595764904634175
0.4106557527523456,0.055971714051928294
0.41478291168158143,0.055982607518463914
0.41895154924763894,0.05599028314900432
0.42316208231774904,0.055994694362655
0.4274149319487268,0.05599579430064256
0.43171052342907973,0.05599353583267323
0.43604928632153556,0.05598787156358471
0.44043165450599914,0.05597875384029872
0.44485806622294133,0.05596613475908117
0.4493289641172217,0.05594996617311729
0.45384479528235583,0.055930199700408884
0.4584060113052234,0.055906786732000696
0.4630130683112283,0.055879678440543715
0.46766642700990935,0.055848825789203006
0.4723665527410147,0.055814179540916914
0.47711391552103427,0.05577569026801658
0.48190899009020266,0.05573330836221204
0.4867522559599718,0.0556869840449538
0.4916441974609651,0.055636667378177476
0.4965853037914094,0.055582308275439786
0.5015760690660558,0.05552385651345295
0.5066169923655898,0.055461261744026935
0.5117085777865426,0.05539447350642708
0.5168513344916992,0.05532344124015528
0.5220457767610164,0.0552481142981632
0.5272924240430488,0.05516844196050622
0.5325918010068973,0.055084373448445766
0.5379444375946745,0.05499585793900929
0.5433508690745001,0.05490284458001638
0.5488116360940266,0.05480528250557869
0.5543272847345071,0.05470312085208333
0.559898366565402,0.054596308774668124
0.565525438699537,0.05448479546419676
0.5712090638488151,0.05436853016474332
0.5769498103804868,0.0542474621915942
0.5827482523739896,0.054121540949777114
0.5886049696783551,0.053990715953124664
0.5945205479701946,0.0538549368438819
0.6004955788122661,0.053714153412866346
0.6065306597126334,0.053568315620189565
0.6126263941844159,0.053417373616548
0.6187833918061412,0.05326127776509289
0.625002268282701,0.05309997866388669
0.631283645506926,0.052933427168955126
0.6376281516217732,0.052761574417943206
0.6440364210831416,0.05258437185438343
0.6505090947233167,0.052401771252584835
0.6570468198150569,0.05221372474315064
0.6636502501363193,0.052020184839132455
0.6703200460356397,0.05182110446282981
0.6770568744981649,0.05161643697324185
0.6838614092123559,0.051406136194179934
0.6907343306373546,0.051190156443047356
0.6976763260710315,0.05096845256029515
0.7046880897187137,0.05074097993955973
0.7117703227626098,0.0505076945584902
0.7189237334319262,0.050268553010271964
0.7261490370736907,0.05002351253585294
0.7334469562242896,0.04977253105687926
0.740818220681718,0.04951556720934564
0.7482635675785652,0.04925258037796711
0.7557837414557252,0.04898353073127691
0.7633794943368535,0.048708379257456164
0.7710515858035665,0.04842708780090018
0.7788007830714049,0.0481396190995255
0.7866278610665532,0.047845936822822045
0.7945336025033344,0.04754600561065435
0.8025187979624787,0.04723979111281474
0.8105842459701871,0.046927260029331494
0.8187307530779817,0.04660838015153484
0.8269591339433627,0.04628312040388195
0.8352702114112722,0.04595145088654327
0.8436648165963837,0.045613342918750216
0.8521437889662112,0.04526876908290544
0.8607079764250583,0.04491770326945465
0.8693582353988061,0.044560120722519705
0.8780954309205614,0.04419599808629139
0.8869204367171574,0.04382531345217964
0.8958341352965288,0.043448046406718566
0.9048374180359599,0.043064178080222226
0.9139311852712283,0.04267369119618763
0.9231163463866358,0.042276570121439185
0.9323938199059488,0.04187280091700916
0.941764533584249,0.04146237138974715
0.9512294245007141,0.04104527114465093
0.9607894391523232,0.040621491637909964
0.9704455335485079,0.040191026230652654
0.9801986733067557,0.03975387024338604
0.9900498337491682,0.03931002101111695
1.0,0.038859477939141795
1.010050167084168,0.03840224255949142
1.0202013400267553,0.037938318588015885
1.0304545339535163,0.03746771198209388
1.040810774192389,0.03699043099894828
1.0512710963760248,0.036506486254550746
1.06183654654536,0.03601589078309463
1.0725081812542168,0.035518660097015216
1.0832870676749586,0.03501481224753517
1.0941742837052102,0.03450436788571059
1.1051709180756473,0.03398735032395283
1.1162780704588706,0.03346378559799877
1.1274968515793768,0.03293370252930102
1.1388283833246227,0.03239713278780814
1.150273798857228,0.03185411095510307
1.1618342427282835,0.031304674587865955
1.1735108709918105,0.03074886428162646
1.1853048513203654,0.030186723734768637
1.19721736312181,0.029618299812749087
1.2092495976572508,0.02904364261248805
1.221402758160169,0.02846280552689036
1.2336780599567443,0.027875845309451943
1.2460767305873817,0.0272828221389051
1.2586000099294783,0.026683799683853475
1.271249150321405,0.026078845167346123
1.2840254166877414,0.02546802943133747
1.2969300866657716,0.024851427000977887
1.3099644507332469,0.02422911614867726
1.323129812337436,0.023601178957881785
1.3364274880254734,0.02296770138650137
1.349858807576004,0.02232877332992361
1.3634251141321785,0.021684488683546617
1.3771277643359574,0.021034945404761446
1.3909681284637803,0.020380245574311798
1.4049475905635935,0.019720495456956543
1.4190675485932567,0.019055805561357386
1.4333294145603395,0.01838629069911183
1.4477346146633259,0.017712070042848766
1.4622845894342256,0.017033267183301327
1.4769807938826434,0.016350010185268504
1.4918246976412708,0.015662431642374953
1.5068177851128537,0.014970668730534716
1.5219615556186337,0.01427486326002246
1.537257523548281,0.013575161726052703
1.5527072185113353,0.012871715357764128
1.5683121854901676,0.012164680165504045
1.5840739849944832,0.011454216986304305
1.5999941932173614,0.010740491527437505
1.616074402192894,0.010023674407939045
1.6323162199553793,0.009303941197977865
1.6487212707001282,0.008581472455955507
1.665291194945886,0.00785645376321024
1.6820276496988857,0.007129075756200006
1.6989323086185495,0.006399534156034951
1.71600686218486,0.005668029795227438
1.7332530178673964,0.004934768641524293
1.7506725002961019,0.00419996181868335
1.7682670514337357,0.0034638256240533288
1.7860384307500734,0.0027265815428132306
1.8039884153978567,0.0019884562587247252
1.8221188003905082,0.0012496816612481637
1.8404313987816363,0.0005104948488701313
1.8589280418463439,-0.00022886187151212756
1.8776105792643445,-0.0009681409893066982
1.8964808793049523,-0.0017070897992031747
1.9155408290138967,-0.002445450414571208
1.9347923344020317,-0.003182959785445933
1.9542373206359394,-0.003919349721266979
1.973877732230447,-0.004654346918539914
1.9937155332430814,-0.0053876729935909
2.013752707470479,-0.006119044520587218
2.0339912586467523,-0.006848173074998069
2.054433210643889,-0.00757476528267152
2.0750806076741237,-0.00829852287470499
2.095935514494365,-0.009019142748287778
2.117000016612675,-0.009736317033695197
2.138276220496818,-0.010449733167614765
2.1597662537849143,-0.011159073972985536
2.1814722654981997,-0.011864017745531924
2.2033964262559387,-0.012564238347173783
2.225540928492469,-0.013259405306494134
2.2479079866764726,-0.013949183926445887
2.2704998375324066,-0.014633235399478048
2.293318740264183,-0.01531121693026106
2.3163669767810915,-0.01598278186618979
2.3396468519259903,-0.01664757983584095
2.3631606937057934,-0.017305256895560072
2.386910853524279,-0.01795545568435073
2.4108997064172115,-0.01859781558723611
2.435129651289876,-0.019231972907260277
2.4596031111569507,-0.0198575610462928
2.484322533384817,-0.02047421069479647
2.5092903899362975,-0.021081550030714078
2.534509177617854,-0.021679204927625127
2.5599814183292704,-0.02226679917231795
2.585709659315849,-0.02284395469191781
2.61169647342312,-0.023410291790704293
2.6379444593541543,-0.02396542939674553
2.664456241929418,-0.02450898531846897
2.691234472349263,-0.02504057651128071
2.718281828459045,-0.025559819354337012
2.745601015016916,-0.026066329937562683
2.773194763964297,-0.026559724359001
2.8010658346990773,-0.02703961903257
2.829217014351562,-0.027505631006289034
2.8576511180631656,-0.027957378291027173
2.88637098926796,-0.028394480199813835
2.9153794999769973,-0.02881655769773806
2.944679551065524,-0.029223233762449646
2.9742740725630648,-0.029614133755260414
3.004166023946432,-0.029988885802829414
3.034358394435674,-0.03034712118939926
3.064854203293005,-0.030688474759533707
3.095656500124714,-0.03101258533129022
3.1267683651861575,-0.03131909611974122
3.158192909689769,-0.0316076551707401
3.189933276116185,-0.03187791580480701
3.2219926385284996,-0.03212953707098858
3.25437420288967,-0.03236218421052452
3.2870812073831166,-0.032575529130131155
3.3201169227365512,-0.0327692508846883
3.3534846525490267,-0.032943036169091784
3.387187733621337,-0.03309657981900882
3.421229536289675,-0.03322958532024669
3.4556134647626764,-0.03334176532641957
3.4903429574618414,-0.03343284218456916
3.5254214873653815,-0.03350254846836689
3.560852562355519,-0.03355062751849565
3.596639725569279,-0.03357683398977918
3.6327865557528125,-0.033580934404595204
3.6692966676192467,-0.0335627077120773
3.7061737122102008,-0.0335219458525772
3.7434213772608635,-0.03345845432682596
3.781043387568781,-0.03337205276919806
3.819043505366335,-0.03326257552444734
3.857425530696973,-0.03312987222724851
3.896193301795212,-0.03297380838384123
3.935350695470477,-0.032794265955037274
3.9749016274947513,-0.03259114393981295
4.014850052994204,-0.032364358958672325
4.055199966844676,-0.0321138458359274
4.0959554040711765,-0.03183955818000264
4.137120440251392,-0.031541468960832514
4.178699191923245,-0.031219571083380835
4.2206958169965505,-0.030873877956271566
4.263114515168822,-0.030504424054480162
4.30595952834521,-0.030111265474995482
4.349235141062744,-0.029694480484322282
4.392945680918759,-0.029254170056654524
4.437095519003665,-0.028790458401510455
4.4816890703380645,-0.02830349347958127
4.526730794314251,-0.027793447505506625
4.572225195142157,-0.027260517436252157
4.618176822299778,-0.0267049254437268
4.66459027098813,-0.0261269193702408
4.711470182590745,-0.02552677316537061
4.758821245137857,-0.024904787302760925
4.80664819377518,-0.024261289175361928
4.854955811237434,-0.02359663346756737
4.903748928326621,-0.022911202502688535
4.953032424395113,-0.022205406564170936
5.002811227833585,-0.02147968418893312
5.053090316563872,-0.020734502431182567
5.10387471853673,-0.019970357095040865
5.155169512234684,-0.019187772934290255
5.20697982717985,-0.018387303817536012
5.259310844446899,-0.017569532857064196
5.312167797181167,-0.016735072499662825
5.365555971121974,-0.01588456457766565
5.419480705131203,-0.015018680318472711
5.473947391727205,-0.0141381203108003
5.528961477624009,-0.013243614425915215
5.584528464276057,-0.012335921692114681
5.640653908428323,-0.011415830120723872
5.697343422671993,-0.010484156481898484
5.754602676005731,-0.00954174602853941
5.812437394402587,-0.008589472166651907
5.870853361382599,-0.007628236070511504
5.929856418591142,-0.006658966241034811
5.989452466383119,-0.005682618005794616
6.04964746441295,-0.004700172959165707
6.110447432230613,-0.003712638341141417
6.171858449883555,-0.0027210463534205185
6.2338866585247175,-0.00172645341143021
6.296538261026656,-0.0007299393310241286
6.359819522601829,0.00026739355132581236
6.42373677142913,0.00126442132593775
6.4882963992867175,0.0022599995259278507
6.553504862191153,0.003252964212715407
6.619368681043081,0.004242133131812766
6.685894442279272,0.005226306939570305
6.753088798531287,0.006204270501420983
6.8209584692907494,0.007174794262035622
6.889510241581291,0.008136635687657922
6.9587509706372686,0.009088540780738435
7.028687580589301,0.010029245666828062
7.099327065156639,0.010957478253525022
7.170676488346618,0.011871959961093819
7.242742985161016,0.012771407524191529
7.315533762309568,0.013654534863944533
7.38905609893065,0.01452005502941886
7.463317347319193,0.015366682207318915
7.538324933661919,0.01619313379853322
7.61408635877997,0.016998132559921553
7.690609198879005,0.01778040880950593
7.767901106306778,0.01853870269298917
7.8459698103184525,0.019271766509277838
7.92482311784949,0.019978367092434002
8.004468914296353,0.020657288247220497
8.084915164305059,0.02130733323513875
8.166169912567646,0.021927327307587906
8.248241284626657,0.022516120282497703
8.3311374876877,0.02307258916050718
8.414866811440136,0.023595640776477734
8.499437628886128,0.024084214481841247
8.584858397177896,0.02453728485299474
8.671137658463456,0.02495386442066212
8.758284040740834,0.025333006414850756
8.84630625872088,0.025673807519739737
8.935213114698744,0.025975410632545465
9.025013499434131,0.02623700762012162
9.115716393040314,0.026457842066765172
9.207330865882257,0.026637212006419074
9.29986607948359,0.026774472632185957
9.393331287442784,0.026869038975799103
9.487735836358526,0.02692038854943527
9.583089166764376,0.02692806394200208
9.679400814072837,0.026891675361792797
9.776680409528899,0.026810903117171405
9.874937681173192,0.0266855000267365
9.974182454814727,0.02651529375021246
10.07442465501359,0.026300189031133087
10.175674306073338,0.026040169842218394
10.277941533043448,0.02573530142420023
10.381236562731843,0.025385732208729757
10.48556972472757,0.024991695615899565
10.590951452433774,0.024553511716838766
10.697392284111062,0.024071588751791946
10.804902863931266,0.02354642449407269
10.91349394304198,0.022978607450293873
11.023176380641605,0.022368817887319092
11.133961145065307,0.02171782867645595
11.245859314881844,0.021026505945523518
11.358882080001454,0.02029580952957437
11.473040742794828,0.019526793211237882
11.588346719223402,0.018720604741878078
11.704811539980865,0.017878485635027204
11.822446851646369,0.017001770723865814
11.941264417849109,0.01609188747487489
12.06127612044472,0.015150355050184269
12.182493960703473,0.014178783111586572
12.30493006051041,0.013178870359678248
12.428596663577538,0.012152402802128788
12.553506136668224,0.011101251745666941
12.679670970833888,0.01002737150700944
12.807103782663042,0.0089327968386433
12.935817315543083,0.007819640066106994
13.065824440934563,0.006690087934199112
13.197138159658358,0.00554639816037452
13.329771603195772,0.004390895694467617
13.463738035001686,0.0032259686848081187
13.599050851830919,0.002054064151766968
13.735723585077938,0.00087768337078595
13.873769902129917,-0.0003006230319964263
14.01320360773362,-0.0014782602673110165
14.154038645375808,-0.002652594848166575
14.296289098677603,-0.0038209603265778962
14.43996919280288,-0.004980663293884671
14.585093295880785,-0.006128989635696677
14.731675920442564,-0.0072632110312396215
14.87973172487285,-0.008380591685592569
15.029275514875415,-0.009478395282007245
15.180322244953906,-0.010553892140185454
15.332887019907202,-0.01160436656506916
15.486985096339938,-0.012627124369372964
15.642631884188171,-0.013619500551767243
15.799842948260395,-0.01457886711130704
15.958634009794022,-0.015502640977404135
16.119020948027536,-0.016388292033363526
16.281019801788442,-0.017233351210257805
16.444646771097062,-0.018035418626700564
16.609918218786706,-0.018792171748910833
16.77685067213988,-0.019501373544341536
16.94546082454102,-0.020160880601084164
17.115765537145876,-0.02076865118426692
17.287781840567632,-0.021322753199743527
17.46152693657998,-0.021821372034530346
17.63701819983734,-0.02226281824270181
17.81427317961221,-0.022645535044804585
17.993309601550326,-0.022968105608306755
18.174145369443067,-0.023229260076170433
18.356798567017925,-0.023427882310329544
18.54128745974687,-0.02356301631667889
18.727630496672912,-0.023633872318141555
18.91584631225503,-0.023639832442488826
19.10595372823167,-0.023580455991844128
19.297971755502775,-0.023455484261218233
19.49191959603113,-0.023264844874002724
19.687816644762407,-0.023008655603096957
19.88568249156473,-0.02268722764726557
20.085536923187668,-0.022301068333423886
20.287399925240926,-0.021850883216828636
20.49129168419293,-0.02133757755261541
20.69723258938949,-0.020762257113772747
20.905243235092776,-0.020126228332477115
21.115344422540627,-0.019430997743730857
21.327557162026913,-0.018678270712448555
21.541902675002422,-0.017869949427519325
21.75840239619708,-0.017008130148933123
21.977077975763418,-0.016095099696790457
22.197951281441625,-0.015133331173913285
22.421044400746332,-0.014125478916830235
22.64637964317542,-0.013074372673114872
22.87397954244083,-0.01198301100639991
23.103866858722196,-0.010854553933862508
23.336064580942722,-0.009692314804562707
23.570595929068126,-0.008499751430704383
23.80748435642867,-0.0072804564876606335
24.046753552064487,-0.006038147202446253
24.288427443094545,-0.004776654354210752
24.532530197109374,-0.0034999106142470583
24.77908622458772,-0.0022119382569429397
25.028120181337826,-0.0009168362770231803
25.279656970962904,0.00038123304768247003
25.533721747351528,0.0016780581048804056
25.790339917193062,0.002969392361049504
26.049537142518336,0.004250969188816317
26.31133934326588,0.005518517054501831
26.57577269987394,0.006767775008518923
26.84286365589859,0.00799450841812944
27.112638920657908,0.009194524879109163
27.38512547190323,0.010363690240143506
27.660350558516758,0.01149794467131252
27.938341703236507,0.012593318705845543
28.21912670540861,0.0136459491824583
28.502733643767268,0.014652095014051564
28.78919087924266,0.015608152707373358
29.078527057797103,0.016510671557447062
29.370771113289457,0.017356368440164197
29.66595227036887,0.01814214212645302
29.964100047397025,0.018865087041874434
30.265244259400085,0.019522506396382214
30.569415021050208,0.020111924610323528
30.876642749677032,0.02063109896455719
31.186958168309445,0.02107803040483722
31.500392308747966,0.021450973433349365
31.81697651466772,0.0217484450234985
32.136742444753175,0.02196923249772108
32.45972207586381,0.022112400312230714
32.785947706231894,0.022177295697187658
33.11545195869231,0.02216355310579737
33.44826778394491,0.02207109743127286
33.78442846384954,0.021900145956418118
34.12396761475434,0.021651209006779474
34.46691919085742,0.02132508928483962
34.81331748760205,0.02092287986956162
35.16319714510663,0.020445960872693122
35.516593151628484,0.01989599475057212
35.87354084706276,0.01927492027769522
36.234075926476464,0.018584945195969156
36.598234443677974,0.017828537561320513
36.96605281482248,0.017008415817134984
37.33756782205369,0.016127537631784115
37.71281661718178,0.015189087545220041
38.091836725399034,0.014196463477221415
38.47466604903214,0.013153262157299976
38.86134287133247,0.012063263543470145
39.2519058603045,0.010930414303986507
39.64639407257258,0.009758810442709619
40.0448469572867,0.008552679154913444
40.447304360067434,0.007316360006044304
40.853806526990304,0.006054285531128619
41.26439410861082,0.004770961357156525
41.67910816402931,0.003470945954792656
42.09799016499691,0.002158830129142823
42.52108200006278,0.0008392163619953456
42.94842597876301,-0.0004833018800746763
43.3800648358516,-0.0018041607561308838
43.81604173557394,-0.003118846463779118
44.25640027598341,-0.004422915338844938
44.70118449330086,-0.0057120135272740015
45.150438866318744,-0.00698189611666716
45.60420832084875,-0.008228445617634715
46.06253823421448,-0.009447689688728209
46.5254744397892,-0.01063581800306929
46.993063231579264,-0.011789198159921079
47.4653513688535,-0.012904390550309954
47.9423860808193,-0.013978162092368651
48.424215071345216,-0.015007498759293015
48.91088652373191,-0.015989616830635243
49.40244910553019,-0.01692197280604115
49.89895197340787,-0.017802271929417576
50.400444778065484,-0.01862847528082019
50.90697766920142,-0.019398805403013315
51.418601300526895,-0.020111750439594005
51.93536683483149,-0.020766066771714557
52.45732594909909,-0.0213607801506993
52.9845308396762,-0.021895185334147468
53.51703422749119,-0.022368844243360286
54.0548893633266,-0.02278158267003939
54.598150033144236,-0.02313348557009099
55.1468705634638,-0.023424890991950352
55.70110582679559,-0.023656382696032027
56.2609112471279,-0.023828781530633326
56.826342805469075,-0.023943135637795068
57.39745704544624,-0.02400070957018519
57.97431107895932,-0.024002972406949295
58.556962591892386,-0.023951584962610052
59.14546984988227,-0.023848386188439704
59.739891704145194,-0.023695378870233593
60.34028759736195,-0.023494714730037555
60.94671756962217,-0.02324867904210187
61.559242264428576,-0.02295967487512648
62.17792293476085,-0.022630207073718014
62.80282144920171,-0.022262866091894744
63.434000298123344,-0.021860311790459525
64.07152259993664,-0.021425257308130517
64.71545210740304,-0.020960453113499464
65.3658532140099,-0.020468671341213548
66.02279096040989,-0.019952690511292788
66.68633104092521,-0.019415280725250814
67.35653981011664,-0.018859189426743198
68.03348428941972,-0.018287127807887882
68.7172321738465,-0.017701757935260173
69.4078518387552,-0.017105680661935508
70.10541234668786,-0.016501424383918804
70.80998345427655,-0.01589143469094306
71.5216356192192,-0.01527806495303045
72.24044000732545,-0.01466356787547141
72.96646849963287,-0.014050088046634364
73.69979369959584,-0.013439655490946533
74.44048894034549,-0.012834180239001881
75.18862829202311,-0.01223544790727886
75.94428656918733,-0.011645116280042132
76.70753933829559,-0.011064712874873216
77.47846292526083,-0.010495633466425148
78.25713442308421,-0.009939141536079252
79.04363169956453,-0.009396368608805848
79.83803340508457,-0.008868315432744146
80.64041898047705,-0.008355853951859709
81.45086866496814,-0.007859730017544675
82.26946350420168,-0.007380566781219647
83.09628535834376,-0.0069188687068929946
83.93141691026881,-0.006475026140240639
84.77494167382795,-0.006049320369085584
85.62694400220066,-0.005641929109172287
86.48750909632946,-0.005252932348829552
87.35672301344107,-0.004882318486471553
88.23467267565151,-0.004529990695869432
89.12144587865868,-0.004195773455696961
90.01713130052181,-0.0038794191819703895
90.92181851052953,-0.0035806149046165507
91.83559797815674,-0.003298988932462437
92.75856108211184,-0.003034117454388732
93.69080011947406,-0.0027855310281713944
94.63240831492415,-0.0025527209125905913
95.58347983006632,-0.0023351452026551555
96.54410977284468,-0.0021322347322140457
97.51439420705401,-0.0019433987127454122
98.49443016194631,-0.0017680300816722873
99.48431564193378,-0.0016055105380971954
100.4841496363893,-0.001455215248324994
101.49403212954572,-0.0013165172079065014
102.51406411049355,-0.0011887912511413454
103.54434758328111,-0.0010714177029881033
104.58498557711422,-0.0009637856721090237
105.63608215665951,-0.000865295987296242
106.69774243245082,-0.0007753637827624878
107.77007257140046,-0.0006934207407130832
108.85317980741593,-0.0006189170022338395
109.94717245212361,-0.0005513227598228726
111.05215990569927,-0.0004901295468595731
112.16825266780927,-0.00043485124094197117
113.29556234865991,-0.00038502479933975723
114.43420168015871,-0.0003402107458134123
115.58428452718766,-0.0002999934287530024
116.7459258989899,-0.0002639810710089904
117.91924196067062,-0.00023180563194041603
119.10435004481398,-0.00020312250211361053
120.30136866321558,-0.00017761005076963698
121.51041751873497,-0.0001549690456644676
122.73161751726525,-0.0001349219641969397
123.96509077982394,-0.00011721221390051453
125.21096065476522,-0.00010160327941050946
126.46935173011477,-8.787781195305798e-05
127.7403898460288,-7.583667625908327e-05
129.02420210737813,-6.529796860849718e-05
130.32091689645895,-5.6096018477783586e-05
131.63066388583033,-4.8080385017675525e-05
132.95357405128286,-4.111485834468119e-05
134.28977968493552,-3.507647440680967e-05
135.63941440846523,-2.985455099413927e-05
137.00261318646898,-2.534975132105815e-05
138.3795123399606,-2.1473180519325273e-05
139.7702495600029,-1.8145519357870993e-05
141.174963921477,-1.529619855292941e-05
142.5937958969892,-1.2862616155354813e-05
144.02688737091967,-1.0789399703839198e-05
145.47438165361004,-9.027714114704228e-06
146.9364234956948,-7.534615641090482e-06
148.4131591025766,-6.272451675573062e-06
149.90473614904667,-5.208305688288726e-06
151.41130379405269,-4.313486184442918e-06
152.9330126956149,-3.5630582267023793e-06
154.47001502589097,-2.9354157950003114e-06
156.0224644863951,-2.411893043769186e-06
157.590516323367,-1.976412359346257e-06
159.17432734329714,-1.6151670128654445e-06
160.7740559286073,-1.316336140890252e-06
162.38986205348914,-1.0698297619309444e-06
164.0219072999017,-8.670615465299335e-07
165.6703548737296,-7.007470967030006e-07
167.33536962110423,-5.647255523679747e-07
169.01711804488733,-4.5380242346995643e-07
170.71576832132297,-3.6361164266723833e-07
172.43149031685434,-2.9049494089406866e-07
174.16445560511082,-2.3139676347304763e-07
175.9148374840653,-1.837730647112513e-07
177.6828109933644,-1.4551244146793395e-07
179.4685529318323,-1.1486818879195174e-07
181.27224187515137,-9.039998151702121e-08
183.09405819371833,-7.092400313288496e-08
184.93418407068356,-5.547045609263895e-08
186.79280352016818,-4.32474950273896e-08
188.670102405666,-3.3610725430798393e-08
190.56626845863,-2.6037504785324597e-08
192.4814912972456,-2.0105370562722933e-08
194.41596244539272,-1.5473999944895832e-08
196.36987535179858,-1.1870179519234418e-08
198.34342540938135,-9.075329761676962e-09
200.33680997479183,-6.9151890787522514e-09
202.35022838814766,-5.2513158547424e-09
204.38388199296807,-3.974114710646389e-09
206.43797415630826,-2.9971354309986386e-09
208.51271028909628,-2.2524301758707332e-09
210.60829786667438,-1.6867870994305164e-09
212.72494644954662,-1.2586867718924546e-09
214.86286770433563,-9.35852266903914e-10
217.02227542494765,-6.932848331062059e-10
219.20338555395466,-5.116950971987892e-10
221.40641620418717,-3.7625510207952895e-10
223.63158768054606,-2.7560949649965024e-10
225.87912250203328,-2.0109516318340198e-10
228.14924542400394,-1.4612777325983774e-10
230.44218346064198,-1.0572143087670408e-10
232.7581659076623,-7.611394048461601e-11
235.09742436523877,-5.447548170481116e-11
237.46019276116692,-3.868277898599905e-11
239.84670737425535,-2.714434733414046e-11
242.25720685795415,-1.866519971714361e-11
244.69193226422038,-1.2341611327516062e-11
247.1511270676237,-7.478221283615242e-12
249.6350371896937,-3.520956897231532e-12
